hs6,description,display_name,product,category,segment,dgcis_segment,in_fed_definition,in_old_fed_analysis,in_telangana_study,in_icea,in_dgcis,in_icrier,world_exports_usd_bn,share_of_world_trade,comments,search_terms
320890,"Paints and varnishes; based on polymers n.e.c. in heading no. 3208, dispersed or dissolved in a non-aqueous medium",Non-aqueous polymer paints,Paints and varnishes,Consumables,Components,Not Included,yes,no,no,yes,no,no,8.65371,0.001842,Included in ICEA,
340391,"Lubricating preparations; for the treatment of textile and similar materials (leather, furskins etc), (not containing petroleum oils or oils obtained from bituminous minerals)",Textile treatment lubricants,Lubricants,Consumables,Components,Not Included,yes,no,no,yes,no,no,0.877755,0.000026,Included in ICEA,
350699,"Glues and other adhesives; prepared, n.e.c. in heading no. 3506, not exceeding a net weight of 1kg","Prepared adhesives, small packs",Glues and other adhesives,Consumables,Components,Not Included,yes,no,no,yes,no,no,1.69919,0.000191,Included in ICEA,
390390,"Styrene polymers; in primary forms, n.e.c. in heading no. 3903","Styrene polymers, primary forms",Styrene polymers,Consumables,Components,Not Included,yes,no,no,yes,no,no,3.263603,0.000894,Included in ICEA,
390799,"Polyesters; n.e.c. in heading no. 3907, saturated, in primary forms","Saturated polyesters, primary forms",Polyesters,Consumables,Components,Not Included,yes,no,no,yes,no,no,9.546305,0.002342,Included in ICEA,
390890,"Polyamides; n.e.c. in heading no. 3908, in primary forms","Polyamides, primary forms",Polyamides,Consumables,Components,Not Included,yes,no,no,yes,no,no,3.882947,0.000818,Included in ICEA,
391910,"Plastics; plates, sheets, film, foil, tape, strip, other flat shapes thereof, self-adhesive, in rolls of a width not exceeding 20cm","Self-adhesive film, narrow rolls",Plastic,Consumables,Components,Not Included,yes,no,no,yes,no,no,7.409683,0.001357,Included in ICEA,
391990,"Plastics; plates, sheets, film, foil, tape, strip, other flat shapes thereof, self-adhesive, other than in rolls of a width not exceeding 20cm",Self-adhesive plastic sheet,Plastic,Consumables,Components,Not Included,yes,no,no,yes,no,no,16.916633,0.003661,Included in ICEA,
392099,"Plastics; plates, sheets, film, foil and strip (not self-adhesive), of plastics n.e.c. in heading no. 3920, non-cellular and not reinforced, laminated, supported or similarly combined with other materials","Plastic film, other polymers",Camera Lens,Consumables,Components,Not Included,yes,no,no,yes,no,no,6.653554,0.001577,Included in ICEA,
392329,"Plastics; sacks and bags (including cones), for the conveyance or packing of goods, of plastics other than ethylene polymers","Plastic bags, non-ethylene",Plastic,Consumables,Components,Not Included,yes,no,no,yes,no,no,6.436302,0.001223,Included in ICEA,
392350,"Plastics; stoppers, lids, caps and other closures, for the conveyance or packing of goods",Plastic caps and closures,Plastic,Consumables,Components,Not Included,yes,no,no,yes,no,no,10.239862,0.001961,Included in ICEA,
392390,Plastics; articles for the conveyance or packing of goods n.e.c. in heading no. 3923,Plastic packaging articles,Plastic,Consumables,Components,Not Included,yes,no,no,yes,no,no,10.527821,0.002133,Included in ICEA,
392690,Plastics; other articles n.e.c. in chapter 39,"Plastic articles, other",Plastic,Consumables,Components,Not Included,yes,no,no,yes,no,no,78.07151,0.01811,Included in ICEA,
401693,"Rubber; vulcanised (other than hard rubber), gaskets, washers and other seals, of non-cellular rubber",Rubber gaskets and seals,Rubber,Consumables,Components,Not Included,yes,no,no,yes,no,no,12.7321,0.00259,Included in ICEA,
401699,"Rubber; vulcanised (other than hard rubber), articles n.e.c. in heading no. 4016, of non-cellular rubber","Rubber articles, other",Rubber,Consumables,Components,Not Included,yes,no,no,yes,no,no,15.021054,0.004096,Included in ICEA,
420231,"Cases and containers; of a kind normally carried in the pocket or in the handbag, with outer surface of leather or of composition leather",Leather pocket cases,Cases and containers,Consumables,Components,Not Included,yes,no,no,yes,no,no,3.830703,0.000503,Included in ICEA,
481910,"Paper and paperboard; cartons, boxes and cases, of corrugated paper or paperboard",Corrugated paper cartons,Paper and paperboard,Consumables,Components,Not Included,yes,no,no,yes,no,no,10.531777,0.002374,Included in ICEA,
481920,"Paper and paperboard; folding cartons, boxes and cases, of non-corrugated paper or paperboard",Folding cartons,Paper and paperboard,Consumables,Components,Not Included,yes,no,no,yes,no,no,10.643337,0.00248,Included in ICEA,
482110,"Paper and paperboard; labels or all kinds, printed",Printed paper labels,Paper and paperboard,Consumables,Components,Not Included,yes,no,no,yes,no,no,4.138044,0.000761,Included in ICEA,
482190,"Paper and paperboard; labels of all kinds, unprinted",Unprinted paper labels,Paper and paperboard,Consumables,Components,Not Included,yes,no,no,yes,no,no,1.333836,0.00027,Included in ICEA,
482390,"Paper pulp, paper, paperboard, cellulose wadding or webs of cellulose fibres; articles n.e.c. in heading no. 4823","Paper articles, other",Paper and paperboard,Consumables,Components,Not Included,yes,no,no,yes,no,no,5.782826,0.001496,Included in ICEA,
490199,"Printed matter; books, brochures, leaflets and similar printed matter n.e.c. in item no. 4901.10 or 4901.91",Books and brochures,"Books, brochures, leaflets",Consumables,Components,Not Included,yes,no,no,yes,no,no,11.975023,0.003284,Included in ICEA,
491110,"Printed matter; trade advertising material, commercial catalogues and the like",Advertising catalogues,Commercial catalogues,Consumables,Components,Not Included,yes,no,no,yes,no,no,3.731412,0.000944,Included in ICEA,
591190,Textile products and articles for technical uses; n.e.c. in heading no. 5911,Technical textile articles,Textile products,Consumables,Components,Not Included,yes,no,no,yes,no,no,3.021851,0.000496,Included in ICEA,
731815,"Iron or steel; threaded screws and bolts n.e.c. in item no. 7318.1, whether or not with their nuts or washers",Steel screws and bolts,Mechanics,Consumables,Components,Not Included,yes,no,no,yes,no,no,21.633942,0.005335,Included in ICEA,
731816,Iron or steel; threaded nuts,Steel threaded nuts,Mechanics,Consumables,Components,Not Included,yes,no,no,yes,no,no,7.293624,0.001792,Included in ICEA,
732690,Iron or steel; articles n.e.c. in heading 7326,Steel fabricated parts,Mechanics,Consumables,Components,Not Included,yes,no,no,yes,no,no,56.681498,0.012976,Included in ICEA,
741021,"Copper; foil, backed with paper, paperboard, plastics or similar backing material, of a thickness (excluding any backing) not exceeding 0.15mm, of refined copper",Backed copper foil,Raw materials,Consumables,Components,Not Included,yes,no,no,yes,no,no,2.212789,0.000711,Included in ICEA,
750890,Nickel; articles thereof n.e.c. in item no. 7508.1,"Nickel articles, other",Raw materials,Consumables,Components,Not Included,yes,no,no,yes,no,no,2.97946,0.000452,Included in ICEA,
761699,Aluminium; articles n.e.c. in heading 7616,"Aluminium articles, other",Raw materials,Consumables,Components,Not Included,yes,no,no,yes,no,no,21.276964,0.004059,Included in ICEA,
831110,"Electrodes; coated, of base metal, for electric arc-welding",Coated welding electrodes,Electrodes,Electrical Equipment,Components,Electrodes,yes,no,no,no,yes,no,1.358832,0.000073,Included in DGCIS,
831120,"Wire; cored, of base metal, for electric arc-welding",Cored welding wire,Wires,Electrical Equipment,Components,Electrodes,yes,no,no,no,yes,no,1.036094,0.000063,Included in DGCIS,
831130,"Rods and wire; coated rods and cored wire, of base metal, for soldering, brazing or welding by flame",Brazing rods and wire,Rods and wire,Electrical Equipment,Components,Electrodes,yes,no,no,yes,yes,no,0.488274,0.00011,Included in DGCIS,
841430,Compressors; of a kind used in refrigerating equipment,Refrigeration compressors,Fridge component,White Goods,Components,Not Included,yes,yes,no,no,no,no,15.339787,0.000412,White goods - can include,
841451,"Fans; table, floor, wall, window, ceiling or roof fans, with a self-contained electric motor of an output not exceeding 125W","Household fans, under 125W",Household Fans,Consumer Durables,Final Goods,Not Included,no,yes,no,no,no,no,10.428905,0.001248,Small world share,
841459,Fans; n.e.c. in item no. 8414.51,Industrial fans and blowers,Commercial Fans,Consumer Durables,Final Goods,Not Included,no,yes,no,no,no,no,29.279762,0.003505,Included based on subjective judgement,
841460,"Hoods; ventilating or recycling hoods incorporating a fan, whether or not fitted with filters, having a maximum horizontal side not exceeding 120cm",Cooker extraction hoods,Chimneys over cooktops,Consumer Durables,Final Goods,Not Included,no,yes,no,no,no,no,3.005193,0.00036,Small world share,
841510,"Air conditioning machines; comprising a motor-driven fan and elements for changing the temperature and humidity, of a kind designed to be fixed to a window, wall, ceiling or floor, self-contained or 'split-system'",Window air conditioners,Commercial - ACs,White Goods,Final Goods,Not Included,yes,yes,no,no,no,no,19.259623,0.003898,White goods - can include,
841581,"Air conditioning machines; containing a motor driven fan, other than window or wall types, incorporating a refrigerating unit and a valve for reversal of the cooling/heat cycle (reversible heat pumps)",Reversible air conditioners,Commercial AC,White Goods,Final Goods,Not Included,no,yes,no,no,no,no,4.828181,0.000578,Small world share,
841582,"Air conditioning machines; containing a motor driven fan, other than window or wall types, incorporating a refrigerating unit",Air conditioners with refrigeration,Commercial Acs,White Goods,Final Goods,Not Included,no,yes,no,no,no,no,11.357139,0.00136,Small world share,
841583,"Air conditioning machines; containing a motor driven fan, other than window or wall types, not incorporating a refrigerating unit",Air handling units,Commercial AC,White Goods,Final Goods,Not Included,no,yes,no,no,no,no,2.530773,0.000303,Small world share,
841590,"Air conditioning machines; with motor driven fan and elements for temperature control, parts thereof",Air conditioner parts,Parts and elements for air conditioners,Consumer Durables,Components,Not Included,yes,yes,no,no,no,no,26.168545,0.005201,Included based on subjective judgement,
841810,"Refrigerators and freezers; combined refrigerator-freezers, fitted with separate external doors, electric or other",Combined fridge-freezers,Fridge,White Goods,Final Goods,Not Included,yes,yes,no,no,no,no,15.840095,0.005601,White goods - can include,
841821,"Refrigerators; for household use, compression-type, electric or other",Household refrigerators,Refrigerators,White Goods,Final Goods,Not Included,no,yes,no,no,no,no,6.163445,0.000738,Small world share,
841830,"Freezers; of the chest type, not exceeding 800l capacity",Chest freezers,Refrigerators / Freezers,White Goods,Final Goods,Not Included,no,yes,no,no,no,no,1.058299,0.000127,Small world share,
841840,"Freezers; of the upright type, not exceeding 900l capacity",Upright freezers,Commercial Freezers,White Goods,Final Goods,Not Included,no,yes,no,no,no,no,2.269313,0.000272,Small world share,
841861,Heat pumps; other than air conditioning machines of heading no. 8415,Heat pumps,Heat pump,White Goods,Final Goods,Not Included,no,yes,no,no,no,no,9.985646,0.001195,Small world share,
841869,Refrigerating or freezing equipment; n.e.c. in heading no. 8418,Commercial refrigeration equipment,Fridge component,White Goods,Components,Not Included,yes,yes,no,no,no,no,12.170637,0.002198,White goods - can include,
841891,"Refrigerating or freezing equipment; parts, furniture designed to receive refrigerating or freezing equipment",Refrigeration cabinet furniture,Parts for refrigerators,White Goods,Components,Not Included,no,yes,no,no,no,no,0.244415,0.000055,Small world share,
841899,"Refrigerating or freezing equipment; parts thereof, other than furniture",Refrigeration equipment parts,Fridge component,White Goods,Components,Not Included,yes,yes,no,no,no,no,7.876817,0.001729,White goods - can include,
841911,"Heaters; instantaneous gas water heaters, for domestic or other purposes",Gas water heaters,Heaters,White Goods,Final Goods,Not Included,no,yes,yes,no,no,no,0.927126,0.000111,Small world share,
841912,"Heaters; solar water heaters, non-electric",Solar water heaters,Heaters,White Goods,Final Goods,Not Included,no,no,yes,no,no,no,0.338184,0.000076,Small world share,
842211,Dish washing machines; of the household type,Household dishwashers,Dishwashers,White Goods,Final Goods,Not Included,no,yes,yes,no,no,no,10.642711,0.001274,Small world share,
842219,Dish washing machines; of other than household type,Commercial dishwashers,Commercial Dishwashers,White Goods,Final Goods,Not Included,no,yes,no,no,no,no,0.246364,0.000029,Small world share,
842310,Weighing machines; personal (including baby scales) and household scales,Personal and kitchen scales,Weighing machine,Consumer Durables,Final Goods,Not Included,no,yes,yes,no,no,no,0.913298,0.000109,Small world share,
842320,Weighing machines; scales for continuous weighing of goods on conveyors,Conveyor weighing scales,Commercial Weighing Machine,Consumer Durables,Final Goods,Not Included,no,yes,no,no,no,no,0.172656,0.000039,Small world share,
842330,"Weighing machines; constant weight scales and scales for discharging a predetermined weight of material into a bag or container, including hopper scales",Bagging and hopper scales,Commercial Weighing Machines,Consumer Durables,Final Goods,Not Included,no,yes,no,no,no,no,0.633749,0.000142,Small world share,
842381,"Weighing machines; other than personal, conveyor or constant weight scales, having a maximum weighing capacity not exceeding 30kg (excluding balances of a sensitivity of 5cg or better)","Retail scales, to 30kg",Commercial Weighing Machines,Consumer Durables,Final Goods,Not Included,no,yes,no,no,no,no,0.018719,0.000002,Small world share,
842382,"Weighing machines; other than personal, conveyor or constant weight scales, having a maximum weighing capacity exceeding 30kg but not exceeding 5000kg","Platform scales, to 5000kg",Commercial Weighing Machines,Consumer Durables,Final Goods,Not Included,no,yes,no,no,no,no,0.681479,0.000153,Small world share,
842389,"Weighing machines; other than personal, conveyor or constant weight scales, having a maximum weighing capacity exceeding 5000kg","Weighbridges, over 5000kg",Commercial Weighing machine,Consumer Durables,Final Goods,Not Included,no,yes,no,no,no,no,0.221905,0.00005,Small world share,
842390,"Weighing machines; weights of all kinds, parts of weighing machinery",Weighing machine parts,Weighing machine,Consumer Durables,Final Goods,Not Included,no,yes,no,no,no,no,0.93773,0.000112,Small world share,
844311,"Printing machinery; offset, reel-fed",Web offset presses,Printing machinery,Computer Hardware,Final Goods,Not Included,no,yes,no,no,no,no,0.24015,0.000054,Small world share,
844312,"Printing machinery; offset, sheet-fed, office type (sheet size not exceeding 22 x 36cm in the unfolded state)",Office offset presses,Printing machinery,Computer Hardware,Final Goods,Not Included,no,yes,no,no,no,no,0.02284,0.000005,Small world share,
844313,"Printing machinery; offset, n.e.c. in item no. 8443.1","Offset presses, other",Printing machinery,Computer Hardware,Final Goods,Not Included,no,yes,no,no,no,no,2.692201,0.000322,Small world share,
844316,Printing machinery; flexographic,Flexographic presses,Printing machinery,Computer Hardware,Final Goods,Not Included,no,yes,no,no,no,no,0.450157,0.000054,Small world share,
844317,Printing machinery; gravure,Gravure presses,Printing machinery,Computer Hardware,Final Goods,Not Included,no,yes,no,no,no,no,0.221392,0.00005,Small world share,
844319,"Printing machinery; used for printing by means of plates, cylinders and other printing components of heading 84.42, n.e.c. in item no. 8443.1","Printing presses, other",Printing machinery,Computer Hardware,Final Goods,Not Included,no,yes,no,no,no,no,1.244972,0.000149,Small world share,
844331,"Printing, copying, and facsimile machines; machines which perform two or more of the functions of printing, copying or facsimile transmission, capable of connecting to an automatic data processing machine or to a network",Multifunction printers,Printing machinery,Computer Hardware,Final Goods,"Computer hardware, peripherals",yes,yes,yes,no,yes,yes,14.992824,0.003596,Included in DGCIS,
844332,"Printing, copying, and facsimile machines; single-function printing, copying or facsimile machines, capable of connecting to an automatic data processing machine or to a network",Networked single-function printers,Printing machinery,Computer Hardware,Final Goods,"Computer hardware, peripherals",yes,yes,yes,no,yes,yes,11.245684,0.0026,Included in DGCIS,
844339,"Printing, copying, and facsimile machines; single-function printing, copying or facsimile machines, not capable of connecting to an automatic data processing machine or to a network",Standalone printers and copiers,Printing machinery,Computer Hardware,Final Goods,"Computer hardware, peripherals",yes,yes,yes,no,yes,yes,1.459933,0.000137,Included in DGCIS,
844391,"Printing machinery used for printing by means of plates, cylinders and other printing components of heading 8442; parts and accessories",Printing press parts,Parts for printing machinery,Computer Hardware,Components,Electronics instruments,yes,yes,yes,no,yes,yes,2.372508,0.000364,Included in DGCIS,
844399,"Printing machinery; parts and accessories, n.e.c. in item no. 8443.91",Printer parts and cartridges,Parts for printing machinery,Computer Hardware,Components,Electronics instruments,yes,no,no,no,yes,yes,36.740431,0.00907,Included in DGCIS,
845011,"Washing machines; household or laundry-type, fully-automatic, (of a dry linen capacity not exceeding 10kg)",Automatic washing machines,Washing Machine,White Goods,Final Goods,Not Included,yes,yes,no,no,no,no,8.654986,0.002497,White goods - can include,
845012,"Washing machines; household or laundry-type, with built-in centrifugal drier, (not fully-automatic), of a dry linen capacity not exceeding 10kg",Semi-automatic washing machines,Washing Machine - not automatic,Consumer Durables,Final Goods,Not Included,no,yes,yes,no,no,no,0.59953,0.000135,Small world share,
845019,"Washing machines; household or laundry-type, not fully-automatic, without built-in centrifugal drier, of a dry linen capacity not exceeding 10kg",Manual washing machines,Washing Machine - not automatic,Consumer Durables,Final Goods,Not Included,no,yes,yes,no,no,no,0.150738,0.000034,Small world share,
845020,"Washing machines; household or laundry-type, of a dry linen capacity exceeding 10kg",Commercial washing machines,Washing Machine,White Goods,Final Goods,Not Included,no,yes,yes,no,no,no,4.214904,0.000505,Small world share,
845090,Washing machines; parts for household or laundry-type,Washing machine parts,Washing Machine parts,White Goods,Components,Not Included,no,yes,yes,no,no,no,1.544835,0.000185,Small world share,
845110,Dry-cleaning machines,Dry-cleaning machines,Commercial - Dry cleaning machines,Consumer Durables,Final Goods,Not Included,no,yes,yes,no,no,no,0.056587,0.000013,Small world share,
845121,Drying machines; of a dry linen capacity not exceeding 10kg,Household clothes dryers,Clothes Dryers,Consumer Durables,Final Goods,Not Included,no,yes,yes,no,no,no,2.329824,0.000279,Small world share,
845129,Drying machines; of a dry linen capacity exceeding 10kg,Commercial clothes dryers,Clothes Dryers,Consumer Durables,Final Goods,Not Included,no,yes,no,no,no,no,2.231565,0.000267,Small world share,
845130,Ironing machines and presses (including fusing presses),Ironing presses,Press Iron,Consumer Durables,Final Goods,Not Included,no,yes,no,no,no,no,0.445603,0.0001,Small world share,
845210,Sewing machines; of the household type,Household sewing machines,Sweing Machines,Consumer Durables,Final Goods,Not Included,no,yes,no,no,no,no,0.000179,0,Small world share,
845221,"Sewing machines; (not household type), automatic units",Automatic sewing units,Commercial Sweing Machines,Consumer Durables,Final Goods,Not Included,no,yes,no,no,no,no,1.352073,0.000162,Small world share,
845610,"Machine-tools; operated by laser or other light or photon beam processes, for working any material by removal of material",Laser machine tools,Lasers,Other Electronics,Final Goods,Not Included,no,yes,no,no,no,no,0,0,Small world share,
845630,"Machine-tools; for working any material by removal of material, operated by electro-discharge processes",Electro-discharge machine tools,Machine tools used to remove material from a workpiece.,Other Electronics,Final Goods,Not Included,no,yes,no,no,no,no,0.214801,0.000026,Small world share,
847010,"Calculating machines; electronic calculators capable of operation without an external source of electric power and pocket-size data recording, reproducing and displaying machines with calculating functions",Pocket calculators,Calculator,Consumer Durables,Final Goods,Consumer electronics,yes,yes,yes,no,yes,yes,0.661611,0.000005,Included in DGCIS,
847021,"Calculating machines; electronic, incorporating a printing device, needing an external source of power",Printing calculators,Calculator,Consumer Durables,Final Goods,Consumer electronics,yes,yes,yes,no,yes,yes,0.110603,0.000025,Included in DGCIS,
847029,"Calculating machines; electronic, (not incorporating a printing device), needing an external power source",Desktop calculators,Calculator,Consumer Durables,Final Goods,Consumer electronics,yes,yes,yes,no,yes,yes,0.077261,0.000017,Included in DGCIS,
847030,Calculating machines; non-electronic,Mechanical calculators,Calculator,Consumer Durables,Final Goods,Consumer electronics,yes,yes,yes,no,yes,yes,0.029651,0.000007,Included in DGCIS,
847050,Cash registers,Cash registers,Cash Registers - Others,Consumer Durables,Final Goods,Electronics instruments,yes,yes,yes,no,yes,yes,4.077767,0.000963,Included in DGCIS,
847090,Machines incorporating a calculating device; n.e.c. in heading no. 8470,"Calculating machines, other",Machines with calculator,Consumer Durables,Final Goods,Electronics instruments,yes,yes,yes,no,yes,yes,0.936286,0.000208,Included in DGCIS,
847130,"Automatic data processing machines; portable, weighing not more than 10kg, consisting of at least a central processing unit, a keyboard and a display",Laptops and notebooks,Laptops,Computer Hardware,Final Goods,"Computer hardware, peripherals",yes,yes,yes,yes,yes,yes,144.271889,0.035964,Included in DGCIS,
847141,"Automatic data processing machines; comprising in the same housing at least a central processing unit and an input and output unit, whether or not combined, n.e.c. in item no. 8471.30",All-in-one computers,Computers,Computer Hardware,Final Goods,"Computer hardware, peripherals",yes,yes,yes,no,yes,yes,12.766808,0.00302,Included in DGCIS,
847149,"Automatic data processing machines; presented in the form of systems, n.e.c. in item no. 8471.30 or 8471.41",Computer systems,Computers,Computer Hardware,Final Goods,"Computer hardware, peripherals",yes,yes,yes,no,yes,yes,17.673711,0.00457,Included in DGCIS,
847150,"Units of automatic data processing machines; processing units other than those of item no. 8471.41 or 8471.49, whether or not containing in the same housing one or two of the following types of unit: storage units, input units or output units",Server processing units,Desktop / PC,Computer Hardware,Final Goods,"Computer hardware, peripherals",yes,yes,yes,yes,yes,yes,85.358387,0.02116,Included in DGCIS,
847160,"Units of automatic data processing machines; input or output units, whether or not containing storage units in the same housing",Computer input/output units,Input or output units in automatic data processing units,Computer Hardware,Final Goods,"Computer hardware, peripherals",yes,yes,yes,yes,yes,yes,13.2845,0.003011,Included in DGCIS,
847170,Units of automatic data processing machines; storage units,Computer storage drives,Hard Drive,Computer Hardware,Final Goods,"Computer hardware, peripherals",yes,yes,yes,yes,yes,yes,48.228818,0.013033,Included in DGCIS,
847180,"Units of automatic data processing machines; n.e.c. in item no. 8471.50, 8471.60 or 8471.70",Computer expansion cards,Graphics Card,Computer Hardware,Final Goods,"Computer hardware, peripherals",yes,yes,yes,yes,yes,yes,61.198088,0.012547,Included in DGCIS,
847190,"Magnetic or optical readers, machines for transcribing data onto data media in coded form and machines for processing such data, not elsewhere specified or included",Magnetic and optical readers,Magnetic or optical readers - machines for transcribing data onto data media in coded form and machines for processing such data,Computer Hardware,Final Goods,"Computer hardware, peripherals",yes,yes,yes,no,yes,yes,9.443926,0.001677,Included in DGCIS,
847290,Office machines; not elsewhere classified,"Office machines, other",General office machines - Others,Computer Hardware,Final Goods,Electronics instruments,yes,yes,no,no,yes,no,3.559062,0.000718,Included in DGCIS,
847310,"Typewriters and word-processing machines; parts and accessories of the machines of heading 84.69 (other than covers, carrying cases and the like)",Typewriter and calculator parts,Parts for typewriters,Computer Hardware,Components,Not Included,no,yes,no,no,no,no,0,0,Small world share,
847321,"Calculating machines; parts and accessories of the electronic calculating machines of item no. 8470.10, 8470.21 or 8470.29 (other than covers, carrying cases and the like)",Electronic calculator parts,Parts of calculators,Computer Hardware,Final Goods,"Computer hardware, peripherals",yes,yes,yes,no,yes,yes,0.286058,0.000064,Included in DGCIS,
847329,"Machinery; parts and accessories of the machines of item no. 8470.30. 8470.50 or 8470.90 (other than covers, carrying cases and the like)",Cash register parts,Parts of accounting machines (like ribbons),Computer Hardware,Components,"Computer hardware, peripherals",yes,yes,yes,no,yes,yes,1.486674,0.000133,Included in DGCIS,
847330,"Machinery; parts and accessories (other than covers, carrying cases and the like) of the machines of heading no. 8471",Computer boards and parts,Motherboard,Computer Hardware,Components,"Computer hardware, peripherals",yes,yes,yes,yes,yes,yes,101.489022,0.026376,Included in DGCIS,
847340,"Machinery; parts and accessories (other than covers, carrying cases and the like) of the machines of heading no. 8472",Office machine parts,"Parts of office machines like power switch, power cord",Computer Hardware,Components,"Computer hardware, peripherals",yes,yes,yes,no,yes,yes,1.888052,0.000307,Included in DGCIS,
847350,"Machines; parts and accessories (other than covers, carrying cases and the like) equally suitable for use with machines of two or more of the headings 8470 to 8472",Shared office machine parts,Parts of office machines,Computer Hardware,Components,Not Included,no,yes,no,no,no,no,0.093507,0.000011,Small world share,
847621,"Machines; automatic beverage-vending machines, incorporating heating or refrigerating devices",Hot beverage vending machines,Vending Machine,Consumer Durables,Final Goods,Not Included,no,yes,no,no,no,no,0.430101,0.000097,Small world share,
847629,"Machines; automatic beverage-vending machines, not incorporating heating or refrigerating devices",Cold beverage vending machines,Vending Machine,Consumer Durables,Final Goods,Not Included,no,yes,no,no,no,no,0.039502,0.000009,Small world share,
847681,"Machines; automatic goods-vending machines, (e.g. postage stamp, cigarette, food or money-changing machines, excluding beverage-vending machines), incorporating heating or refrigerating devices",Refrigerated vending machines,Vending Machine,Consumer Durables,Final Goods,Not Included,no,yes,no,no,no,no,0.173483,0.000039,Small world share,
847689,"Machines; automatic goods-vending machines, (e.g. postage stamp, cigarette, food or money-changing machines, excluding beverage-vending machines), not incorporating heating or refrigerating devices",Goods vending machines,Vending Machine,Consumer Durables,Final Goods,Not Included,no,yes,no,no,no,no,0.412823,0.000093,Small world share,
850110,Electric motors; of an output not exceeding 37.5W,"Micro motors, under 37.5W",Domestic water motors - Others,Electrical Equipment,Components,Electronics instruments,yes,yes,yes,yes,yes,yes,13.415732,0.002244,Included in DGCIS,
850410,Discharge lamps or tubes; ballasts therefor,Discharge lamp ballasts,Ballasts for lamps,Electrical Equipment,Components,Not Included,no,yes,no,no,no,no,0.004026,0,Small world share,
850421,"Electrical transformers; liquid dielectric, having a power handling capacity not exceeding 650kVA","Liquid transformers, to 650kVA",Transformers,Electrical Equipment,Components,Electronics instruments,yes,yes,yes,yes,yes,yes,2.9955,0.000233,Included in DGCIS,
850422,"Electrical transformers; liquid dielectric, having a power handling capacity exceeding 650kVA but not exceeding 10,000kVA","Liquid transformers, to 10MVA",Transformers,Electrical Equipment,Components,Electronics instruments,yes,yes,yes,no,yes,yes,3.674423,0.000329,Included in DGCIS,
850423,"Electrical transformers; liquid dielectric, having a power handling capacity exceeding 10,000kVA","Liquid transformers, above 10MVA",Transformers,Electrical Equipment,Components,Not Included,no,yes,no,no,no,no,6.852019,0.00082,Small world share,
850431,"Electrical transformers; n.e.c. in item no. 8504.2, having a power handling capacity not exceeding 1kVA","Dry transformers, to 1kVA",Transformers,Electrical Equipment,Final Goods,Electronics instruments,yes,yes,yes,yes,yes,yes,5.327473,0.001349,Included in DGCIS,
850432,"Transformers; n.e.c. in item no. 8504.2, having a power handling capacity exceeding 1kVA but not exceeding 16kVA","Dry transformers, to 16kVA",Transformers,Electrical Equipment,Final Goods,Electronics instruments,yes,yes,yes,yes,yes,yes,0.881063,0.000018,Included in DGCIS,
850433,"Transformers; n.e.c. in item no. 8504.2, having a power handling capacity exceeding 16kVA but not exceeding 500kVA","Dry transformers, to 500kVA",Transformers,Electrical Equipment,Components,Not Included,no,yes,no,no,no,no,0.420731,0.00005,Small world share,
850434,"Transformers; n.e.c. in item no. 8504.2, having a power handling capacity exceeding 500kVA","Dry transformers, above 500kVA",Transformers,Electrical Equipment,Components,Not Included,no,yes,no,no,no,no,0.865168,0.000104,Small world share,
850440,Electrical static converters,Static converters and chargers,"Battery Charger, Adapter",Mobile & Telephone,Components,Electronics instruments,yes,yes,yes,yes,yes,yes,98.35843,0.023174,Included in DGCIS,
850450,Electrical inductors; n.e.c. in heading no. 8504,Inductors and chokes,Inductor,Electrical Equipment,Components,Electronics instruments,yes,yes,yes,yes,yes,yes,11.967115,0.002982,Included in DGCIS,
850490,"Electrical transformers, static converters and inductors; parts thereof",Transformer and charger parts,Transformers,Electrical Equipment,Components,Electronics components,yes,yes,yes,yes,yes,yes,14.507583,0.002914,Included in DGCIS,
850511,"Magnets; permanent magnets and articles intended to become permanent magnets after magnetisation, of metal",Metal permanent magnets,Magnets used for electronics,Other Electronics,Components,Electronics instruments,yes,yes,no,yes,yes,yes,5.361832,0.001511,Included in DGCIS,
850519,"Magnets; permanent magnets and articles intended to become permanent magnets after magnetisation, other than of metal",Ferrite permanent magnets,Magnets used for electronics,Other Electronics,Components,Electronics instruments,yes,yes,no,no,yes,yes,1.208455,0.000125,Included in DGCIS,
850520,"Magnets; electro-magnetic couplings, clutches and brakes",Magnetic clutches and brakes,Magnets in clutches or brake,Other Electronics,Components,Not Included,no,yes,no,no,no,no,0.26374,0.000032,Small world share,
850590,"Magnets; electro-magnets, holding devices and parts n.e.c. in heading no. 8505",Electro-magnets and parts,Electro-magnets,Other Electronics,Components,Not Included,no,yes,no,no,no,no,3.799645,0.000455,Small world share,
850610,"Cells and batteries; primary, manganese dioxide",Alkaline manganese cells,Cells and batteries,Consumer Durables,Components,Accumulators and batteries,yes,yes,no,no,yes,no,3.786357,0.000705,Included in DGCIS,
850630,"Cells and batteries; primary, mercuric oxide",Mercuric oxide cells,Cells and batteries,Consumer Durables,Components,Accumulators and batteries,yes,yes,no,no,yes,no,0.007772,0.000002,Included in DGCIS,
850640,"Cells and batteries; primary, silver oxide",Silver oxide cells,Cells and batteries,Consumer Durables,Components,Accumulators and batteries,yes,yes,no,no,yes,no,0.236929,0.000053,Included in DGCIS,
850650,"Cells and batteries; primary, lithium",Lithium primary cells,Cells and batteries,Consumer Durables,Components,Accumulators and batteries,yes,yes,no,no,yes,no,3.243058,0.000638,Included in DGCIS,
850660,"Cells and batteries; primary, air-zinc",Zinc-air cells,Cells and batteries,Consumer Durables,Components,Accumulators and batteries,yes,yes,no,no,yes,no,0.305699,0.000069,Included in DGCIS,
850680,"Cells and batteries; primary, (other than manganese dioxide, mercuric oxide, silver oxide, lithium or air-zinc)","Primary cells, other",Cells and batteries,Consumer Durables,Components,Consumer electronics,yes,yes,yes,no,yes,yes,0.562935,0.000127,Included in DGCIS,
850690,"Cells and batteries; primary, parts thereof",Primary cell parts,Parts of cells and batteries,Consumer Durables,Components,Accumulators and batteries,yes,yes,no,no,yes,no,0.64828,0.000146,Included in DGCIS,
850710,"Electric accumulators; lead-acid, of a kind used for starting piston engines, including separators, whether or not rectangular (including square)",Lead-acid starter batteries,Battery Pack,Mobile & Telephone,Components,Accumulators and batteries,yes,yes,no,no,yes,no,10.407177,0.002365,Included in DGCIS,
850720,"Electric accumulators; lead-acid, (other than for starting piston engines), including separators, whether or not rectangular (including square)",Lead-acid stationary batteries,Battery Pack,Mobile & Telephone,Components,Accumulators and batteries,yes,yes,no,no,yes,no,7.866586,0.001821,Included in DGCIS,
850730,"Electric accumulators; nickel-cadmium, including separators, whether or not rectangular (including square)",Nickel-cadmium batteries,Battery Pack,Mobile & Telephone,Components,Accumulators and batteries,yes,yes,no,no,yes,no,0.809744,0,Included in DGCIS,
850740,"Electric accumulators; nickel-iron, including separators, whether or not rectangular (including square)",Nickel-iron batteries,Battery Pack,Mobile & Telephone,Components,Accumulators and batteries,yes,yes,no,no,yes,no,0.000144,0,Included in DGCIS,
850750,"Electric accumulators; nickel-metal hydride, including separators, whether or not rectangular (including square)",Nickel-metal hydride batteries,Battery Pack,Mobile & Telephone,Components,Accumulators and batteries,yes,yes,no,no,yes,no,1.94329,0.000214,Included in DGCIS,
850760,"Electric accumulators; lithium-ion, including separators, whether or not rectangular (including square)",Lithium-ion batteries,Battery Pack,Mobile & Telephone,Components,Accumulators and batteries,yes,yes,no,yes,yes,no,116.655694,0.026753,Included in DGCIS,
850780,"Electric accumulators; other than lead-acid, nickel-cadmium, nickel-metal hydride and lithium-ion, including separators, whether or not rectangular (including square)","Accumulators, other chemistries",Battery Pack,Mobile & Telephone,Components,Accumulators and batteries,yes,yes,no,no,yes,no,0.666495,0.000004,Included in DGCIS,
850790,Electric accumulators; parts n.e.c. in heading no. 8507,Accumulator parts,Parts of battery pack,Mobile & Telephone,Components,Accumulators and batteries,yes,yes,no,yes,yes,no,4.473975,0.001151,Included in DGCIS,
850811,"Vacuum cleaners, with self-contained electric motor, of a power not exceeding 1,500 W and having a dust bag or other receptacle capacity not exceeding 20L",Household vacuum cleaners,Vaccume Cleaner,White Goods,Final Goods,Not Included,yes,yes,no,no,no,no,12.157487,0.002429,White goods - can include,
850819,"Vacuum cleaners, with self-contained electric motor, n.e.c. in item no. 8508.1",Wet and dry vacuums,Vaccume Cleaner,White Goods,Final Goods,Not Included,no,yes,no,no,no,no,0.985197,0.000118,Small world share,
850860,"Vacuum cleaners, other than with a self-contained electric motor","Vacuum cleaners, external motor",Vaccume Cleaner,White Goods,Final Goods,Not Included,no,yes,no,no,no,no,0.245311,0.000055,Small world share,
850870,Parts of vacuum cleaners,Vacuum cleaner parts,Parts of vacuum cleaners,White Goods,Components,Not Included,no,yes,no,no,no,no,1.077977,0.000129,Small world share,
850940,"Electro-mechanical domestic appliances; food grinders and mixers, fruit or vegetable juice extractors, with self-contained electric motor",Food mixers and grinders,Cooking Appliance,Consumer Durables,Final Goods,Not Included,no,yes,yes,no,no,no,12.590371,0.001507,Small world share,
850980,"Electro-mechanical domestic appliances; with self-contained electric motor, other than vacuum cleaners of heading 85.08, n.e.c. in heading no. 8509","Domestic appliances, other",Domestic Appliances (Misc),White Goods,Final Goods,Not Included,yes,yes,yes,no,no,no,10.565025,0.002314,White goods - can include,
850990,Electro-mechanical domestic appliances; parts for the appliances of heading no. 8509,Domestic appliance parts,Domestic appliance parts,Consumer Durables,Components,Not Included,no,yes,yes,no,no,no,1.244153,0.000149,Small world share,
851010,Shavers; with self-contained electric motor,Electric shavers,Electric Shavers,Consumer Durables,Final Goods,Not Included,no,yes,yes,no,no,no,1.157887,0.000139,Small world share,
851020,Hair clippers; with a self-contained electric motor,Hair clippers,Hair Clippers,Consumer Durables,Final Goods,Not Included,no,yes,yes,no,no,no,2.306898,0.000276,Small world share,
851030,Hair-removing appliances; with self-contained electric motor,Hair-removal appliances,Electric Shavers,Consumer Durables,Final Goods,Not Included,no,yes,yes,no,no,no,0.64139,0.000144,Small world share,
851090,Shavers and hair clippers; parts of those with self-contained electric motor,Shaver and clipper parts,Parts of shavers and hair clippers,Consumer Durables,Components,Not Included,no,yes,yes,no,no,no,0.13472,0.000016,Small world share,
851120,"Ignition or starting equipment; ignition magnetos, magneto-dynamos and magnetic flywheels, of a kind used for spark or compression-ignition internal combustion engines",Ignition magnetos,Ignition equipment,Consumer Durables,Components,Consumer electronics,yes,no,no,no,yes,yes,0.163098,0.000037,Included in DGCIS,
851210,"Lighting or visual signalling equipment; electrical, of a kind used on bicycles, excluding articles of heading no. 8539",Bicycle lighting equipment,Headlights,Consumer Durables,Components,Not Included,no,yes,no,no,no,no,0.501435,0.000113,Small world share,
851220,"Lighting or visual signalling equipment; electrical, of a kind used on motor vehicles (excluding articles of heading no. 8539)",Vehicle lighting equipment,Vehical Headlights,Consumer Durables,Components,Not Included,no,yes,no,no,no,no,42.729198,0.005115,"Can be removed, can be added in auto comp",
851230,"Sound signalling equipment; electrical, used on cycles or motor vehicles (excluding articles of heading no. 8539)",Vehicle horns,Horns,Consumer Durables,Components,Not Included,no,yes,no,no,no,no,0.752158,0.00009,Small world share,
851240,"Windscreen wipers, defrosters and demisters; electrical, of kinds used for cycles or motor vehicles",Windscreen wipers and demisters,Windscreen wipers in vehicles,Consumer Durables,Components,Not Included,no,yes,no,no,no,no,0.205281,0.000025,Small world share,
851290,"Lighting or signalling equipment; electrical, (excluding articles of heading no. 8539), windscreen wipers, defrosters and demisters; parts, of those kinds used for cycles or motor vehicles",Vehicle lighting parts,Lighting or signalling equipment in vehicles,Consumer Durables,Components,Not Included,no,yes,no,no,no,no,16.979545,0.002033,Included based on subjective judgement,
851310,"Lamps; portable, electric, designed to function by their own source of energy (excluding lighting equipment of heading no. 8512)",Torches and portable lamps,Torches,Consumer Durables,Final Goods,Not Included,no,yes,no,no,no,no,1.156823,0.000138,Small world share,
851390,"Lamps; parts of portable, electric lamps of heading no. 8513, designed to function by their own source of energy",Portable lamp parts,Lamps,Consumer Durables,Final Goods,Not Included,no,yes,no,no,no,no,0.076698,0.000017,Small world share,
851610,"Heaters; electric, instantaneous or storage water and immersion heaters",Electric water heaters,Water Heaters,White Goods,Final Goods,Not Included,no,yes,no,no,no,no,4.575734,0.000548,Small world share,
851621,Heating apparatus; electric storage heating radiators,Storage heating radiators,Commercial - Heaters,Consumer Durables,Final Goods,Not Included,no,yes,no,no,no,no,0.115164,0.000026,Small world share,
851629,Heating apparatus; electric soil heating apparatus and space heating apparatus (excluding storage heating radiators),Room and space heaters,Winter Heaters,White Goods,Final Goods,Not Included,no,yes,no,no,no,no,8.549189,0.001023,Small world share,
851631,Hair-dressing apparatus; electro-thermic hair dryers,Hair dryers,Hair Dryers,Consumer Durables,Final Goods,Not Included,no,yes,no,no,no,no,2.812973,0.000337,Small world share,
851632,"Hair-dressing apparatus; electro-thermic, other than hair dryers",Hair styling appliances,"Hair Dryers, Straightners",Consumer Durables,Final Goods,Not Included,no,yes,no,no,no,no,3.659035,0.000438,Small world share,
851633,Hand-drying apparatus; electro-thermic,Hand dryers,Hand Dryers,Consumer Durables,Final Goods,Not Included,no,yes,no,no,no,no,0.110128,0.000025,Small world share,
851640,Smoothing irons; electric,Electric irons,Hair Straightner,Consumer Durables,Final Goods,Not Included,no,yes,no,no,no,no,1.607116,0.000192,Small world share,
851650,"Ovens; microwave, of a kind used for domestic purposes",Microwave ovens,Cooking Appliance,White Goods,Final Goods,Consumer electronics,yes,yes,yes,no,yes,yes,4.717362,0.001157,Included in DGCIS,
851660,"Ovens, cookers, cooking plates, boiling rings, grillers and roasters; of a kind used for domestic purposes (excluding microwaves)","Ovens, cookers and hotplates",Cooking Appliance,Consumer Durables,Final Goods,Not Included,yes,yes,yes,no,no,no,17.213391,0.00416,Included based on subjective judgement,
851671,"Electro-thermic appliances; coffee or tea makers, of a kind used for domestic purposes",Coffee and tea makers,Coffee Makers,Consumer Durables,Final Goods,Not Included,yes,yes,yes,no,no,no,7.675948,0.002217,Included based on subjective judgement,
851672,"Electro-thermic appliances; toasters, of a kind used for domestic purposes",Toasters,Toasters,Consumer Durables,Final Goods,Not Included,no,yes,yes,no,no,no,0.610547,0.000073,Small world share,
851679,"Electro-thermic appliances; n.e.c. in heading no. 8516, used for domestic purposes","Electro-thermic appliances, other",Water Heater,White Goods,Final Goods,Not Included,yes,yes,yes,no,no,no,7.089008,0.001781,White goods - can include,
851680,"Resistors; electric heating, other than those of heading no. 8545",Electric heating resistors,"Components for appliances that are used for heating (microwaves, dryers etc)",White Goods,Components,Not Included,no,yes,no,no,no,no,9.149068,0.001095,Small world share,
851690,"Electro-thermic appliances; parts, of heating resistors, of water, space and soil heaters, hair-dressing apparatus, hand dryers, smoothing irons and other domestic appliances of heading no. 8516",Electro-thermic appliance parts,Parts for heaters,White Goods,Components,Not Included,no,yes,no,no,no,no,8.014939,0.000959,Small world share,
851711,Line telephone sets with cordless handsets,Cordless telephone sets,Landline Phones,Mobile & Telephone,Final Goods,Telecom instruments,yes,yes,yes,no,yes,yes,1.396778,0.000212,Included in DGCIS,
851712,Telephones for cellular networks or for other wireless networks,Mobile handsets (pre-2022),Mobile Phone,Mobile & Telephone,Final Goods,Telecom instruments,yes,yes,yes,yes,yes,yes,0.014762,0.000003,Included in DGCIS,
851713,Telephone sets; smartphones for cellular or other wireless networks,Smartphones,Smart Phone,Mobile & Telephone,Final Goods,Telecom instruments,yes,yes,yes,yes,yes,no,258.375421,0.066204,Included in DGCIS,
851714,"Telephone sets; other than smartphones, for cellular or other wireless networks",Feature phones,Mobile Phone (feature phone),Mobile & Telephone,Final Goods,Telecom instruments,yes,no,yes,yes,yes,no,9.471502,0.002627,Included in DGCIS,
851718,Telephone sets n.e.c. in item no. 8517.1,Corded telephone sets,Landline Phones,Mobile & Telephone,Final Goods,Telecom instruments,yes,yes,yes,no,yes,yes,2.427736,0.00067,Included in DGCIS,
851761,Base stations,Mobile network base stations,Base Station,Telecom Apparatus,Final Goods,Telecom instruments,yes,yes,no,yes,yes,yes,3.42014,0.000838,Included in DGCIS,
851762,"Communication apparatus (excluding telephone sets or base stations); machines for the reception, conversion and transmission or regeneration of voice, images or other data, including switching and routing apparatus",Network switches and routers,Headsets for mobile phones,Mobile & Telephone,Final Goods,Telecom instruments,yes,yes,yes,yes,yes,yes,183.234418,0.047388,Included in DGCIS,
851769,"Communication apparatus (excluding telephone sets or base stations); machines for the transmission or reception of voice, images or other data (including wired/wireless networks), n.e.c. in item no. 8517.6",Set-top and streaming boxes,OTT Set Top Box/Set Top Box,Telecom Apparatus,Final Goods,Telecom instruments,yes,yes,yes,yes,yes,yes,8.150789,0.001915,Included in DGCIS,
851770,"Telephone sets and other apparatus for the transmission or reception of voice, images or other data, via a wired or wireless network; parts",Telecom apparatus parts,Mobile & Telephone components,Mobile & Telephone,Components,Not Included,yes,yes,no,yes,no,yes,0.155911,0.000401,Included in ICEA,
851771,"Communication apparatus; parts, aerials and aerial reflectors of all kinds, part suitable for use therewith",Antennas and aerial parts,Mobile & Telephone components,Mobile & Telephone,Components,Telecom instruments,yes,no,no,no,yes,no,4.282955,0.001098,Included in DGCIS,
851779,"Communication apparatus; parts, other than aerials and aerial reflectors of all kinds","Telecom parts, excluding antennas",PCBA,Mobile & Telephone,Components,Telecom instruments,yes,no,no,yes,yes,no,57.189252,0.013076,Included in DGCIS,
851810,Microphones and stands therefor,Microphones and stands,Mics,Consumer Durables,Final Goods,Electronics instruments,yes,yes,yes,yes,yes,yes,4.159617,0.000717,Included in DGCIS,
851821,"Loudspeakers; single, mounted in their enclosures",Single-driver loudspeakers,Speakers,Consumer Durables,Final Goods,Electronics instruments,yes,yes,yes,no,yes,yes,4.77183,0.001097,Included in DGCIS,
851822,"Loudspeakers; multiple, mounted in the same enclosure",Multi-driver loudspeakers,Speakers,Consumer Durables,Final Goods,Electronics instruments,yes,yes,yes,yes,yes,yes,7.549308,0.001789,Included in DGCIS,
851829,Loudspeakers; not mounted in their enclosures,Unmounted loudspeaker drivers,Speakers,Consumer Durables,Final Goods,Electronics instruments,yes,yes,yes,yes,yes,yes,5.09073,0.000867,Included in DGCIS,
851830,"Headphones and earphones, whether or not combined with a microphone, and sets consisting of a microphone and one or more loudspeakers",Headphones and earphones,"Headphones, earphones",Consumer Durables,Final Goods,Electronics instruments,yes,yes,yes,yes,yes,yes,12.908287,0.003227,Included in DGCIS,
851840,Amplifiers; audio-frequency electric,Audio-frequency amplifiers,Amplifiers,Other Electronics,Components,Electronics instruments,yes,yes,yes,no,yes,yes,4.338438,0.000664,Included in DGCIS,
851850,Amplifier sets; electric sound,Public address amplifier sets,Amplifiers,Other Electronics,Final Goods,Electronics instruments,yes,yes,yes,no,yes,yes,1.20616,0.000033,Included in DGCIS,
851890,"Microphones, headphones, earphones, amplifier equipment; parts of the equipment of heading no. 8518",Audio equipment parts,"Parts for microphones, headphones",Consumer Durables,Components,Electronics instruments,yes,yes,yes,yes,yes,yes,4.268724,0.001004,Included in DGCIS,
851920,"Sound recording or reproducing apparatus; operated by coins, banknotes, bank cards, tokens or by other means of payment",Coin-operated audio apparatus,Sound Recording apparatus for modes of payments,Consumer Durables,Components,Consumer electronics,yes,yes,yes,no,yes,yes,0.031648,0.000007,Included in DGCIS,
851930,Sound recording or reproducing apparatus; turntables (record-decks),Turntables and record decks,"Sound Recording apparatus, like dj turntable",Consumer Durables,Final Goods,Electronics instruments,yes,yes,no,no,yes,no,0.260672,0.000059,Included in DGCIS,
851950,Sound recording or reproducing apparatus; telephone answering machines,Telephone answering machines,Answering Machines,Telecom Apparatus,Final Goods,Telecom instruments,yes,yes,no,no,yes,no,0,0,Included in DGCIS,
851981,"Sound recording or reproducing apparatus; using magnetic, optical or semiconductor media, n.e.c. in item no 8519.20, 8519.30 or 8519.50",Digital audio players,Sound recorders,Consumer Durables,Final Goods,Electronics instruments,yes,yes,yes,no,yes,yes,1.729578,0.000158,Included in DGCIS,
851989,Sound recording or reproducing apparatus; n.e.c. in heading no 8519,"Sound reproducing apparatus, other",Sound recorders,Consumer Durables,Final Goods,Consumer electronics,yes,yes,yes,yes,yes,yes,0.977287,0.000046,Included in DGCIS,
852110,Video recording or reproducing apparatus; magnetic tape-type,Magnetic tape video recorders,Video recorders,Consumer Durables,Final Goods,Consumer electronics,yes,yes,yes,no,yes,yes,0.380545,0.000086,Included in DGCIS,
852190,Video recording or reproducing apparatus; other than magnetic tape-type,Digital video recorders,Video recorders,Consumer Durables,Final Goods,Consumer electronics,yes,yes,yes,no,yes,yes,3.503148,0.000525,Included in DGCIS,
852210,"Sound recording or reproducing apparatus; parts and accessories thereof, pick-up cartridges",Pick-up cartridges and styli,Sound recorders,Consumer Durables,Components,Consumer electronics,yes,yes,yes,no,yes,yes,0.06385,0.000014,Included in DGCIS,
852290,"Sound or video recording or reproducing apparatus; parts and accessories thereof, other than pick-up cartridges",Audio-video recorder parts,Sound recorders,Consumer Durables,Final Goods,Consumer electronics,yes,yes,yes,no,yes,yes,1.531554,0.000153,Included in DGCIS,
852321,"Magnetic media; cards incorporating a magnetic stripe, whether or not recorded, excluding products of Chapter 37",Magnetic stripe cards,Cards incorporating magnetic stripe,Consumer Durables,Components,Consumer electronics,yes,yes,yes,no,yes,yes,0.239655,0.000054,Included in DGCIS,
852329,"Magnetic media; other than cards incorporating a magnetic stripe, whether or not recorded, excluding products of Chapter 37","Magnetic media, other",Cards incorporating magnetic stripe,Consumer Durables,Components,Consumer electronics,yes,yes,yes,no,yes,yes,3.476951,0.000814,Included in DGCIS,
852341,"Optical media; unrecorded, excluding products of Chapter 37",Blank optical discs,Discs,Consumer Durables,Final Goods,Consumer electronics,yes,yes,no,no,yes,no,0.379127,0.000085,Included in DGCIS,
852349,"Optical media; recorded, excluding products of Chapter 37",Recorded optical discs,Discs,Consumer Durables,Final Goods,Consumer electronics,yes,yes,no,no,yes,no,7.888787,0.001641,Included in DGCIS,
852351,"Semiconductor media; solid-state non-volatile storage devices, whether or not recorded, excluding products of Chapter 37",Flash memory and drives,Flash Storage,Consumer Durables,Final Goods,Consumer electronics,yes,yes,yes,yes,yes,yes,29.208101,0.007113,Included in DGCIS,
852352,"Semiconductor media; smart cards, whether or not recorded, excluding products of Chapter 37",Smart cards,Smart card,Consumer Durables,Final Goods,Consumer electronics,yes,yes,yes,yes,yes,yes,6.328983,0.001187,Included in DGCIS,
852359,"Semiconductor media; other than smart cards, whether or not recorded, excluding products of Chapter 37","Semiconductor media, other",Other media,Consumer Durables,Final Goods,Consumer electronics,yes,yes,yes,no,yes,yes,1.263182,0.00004,Included in DGCIS,
852380,"Media n.e.c. in heading 8523, whether or not recorded, excluding products of Chapter 37","Recording media, other","Tapes, cassets",Consumer Durables,Final Goods,Consumer electronics,yes,yes,yes,no,yes,yes,1.655666,0.000151,Included in DGCIS,
852411,"Flat panel display modules, whether or not incorporating touch-sensitive screens; of liquid crystals, without drivers or control circuits",Bare LCD display modules,Flat panel display,Consumer Durables,Components,Consumer electronics,yes,no,no,no,yes,no,6.542581,0.001751,Included in DGCIS,
852412,"Flat panel display modules, whether or not incorporating touch-sensitive screens; of organic light-emitting diodes (OLED), without drivers or control circuits",Bare OLED display modules,Flat panel display,Consumer Durables,Components,Consumer electronics,yes,no,no,no,yes,no,0.798125,0.00303,Included in DGCIS,
852419,"Flat panel display modules, whether or not incorporating touch-sensitive screens; of other than liquid crystals or organic light-emitting diodes (OLED), without drivers or control circuits","Bare display modules, other",Flat panel display,Consumer Durables,Components,Consumer electronics,yes,no,no,no,yes,no,0.296303,0.000067,Included in DGCIS,
852491,"Flat panel display modules, whether or not incorporating touch-sensitive screens; of liquid crystals, with drivers or control circuits",Driven LCD display modules,Flat panel display,Consumer Durables,Components,Consumer electronics,yes,no,no,no,yes,no,32.795975,0.007817,Included in DGCIS,
852492,"Flat panel display modules, whether or not incorporating touch-sensitive screens; of organic light-emitting diodes (OLED), with drivers or control circuits",Driven OLED display modules,Flat panel display,Consumer Durables,Components,Consumer electronics,yes,no,no,no,yes,no,17.474533,0.003574,Included in DGCIS,
852499,"Flat panel display modules, whether or not incorporating touch-sensitive screens; of other than liquid crystals or organic light-emitting diodes (OLED), with drivers or control circuits","Driven display modules, other",Flat panel display,Consumer Durables,Components,Consumer electronics,yes,no,no,no,yes,no,0.849972,0.000191,Included in DGCIS,
852550,"Transmission apparatus for radio-broadcasting or television, whether or not incorporating sound recording or reproducing apparatus, not incorporating reception apparatus",Broadcast transmitters,Transmission Apparatus,Telecom Apparatus,Final Goods,Telecom instruments,yes,yes,yes,no,yes,yes,1.562764,0.000149,Included in DGCIS,
852560,"Transmission apparatus for radio-broadcasting or television, whether or not incorporating sound recording or reproducing apparatus, incorporating reception apparatus",Two-way radio transceivers,Transmission Apparatus,Telecom Apparatus,Final Goods,Telecom instruments,yes,yes,yes,no,yes,yes,2.325748,0.000259,Included in DGCIS,
852580,"Television cameras, digital cameras and video camera recorders",Television and digital cameras,Digital Camera,Telecom Apparatus,Final Goods,Telecom instruments,yes,yes,yes,yes,yes,yes,0.045456,0.000051,Included in DGCIS,
852581,"Television cameras, digital cameras and video camera recorders; high-speed goods as specified in subheading note 1 to this chapter",High-speed cameras,Digital Camera,Telecom Apparatus,Final Goods,Telecom instruments,yes,no,yes,yes,yes,no,1.630447,0.000208,Included in DGCIS,
852582,"Television cameras, digital cameras and video camera recorders; radiation-hardened or radiation-tolerant goods as specified in subheading note 2 to this chapter",Radiation-hardened cameras,Digital Camera,Consumer Durables,Final Goods,Electronics instruments,yes,no,yes,no,yes,no,0.143139,0.000032,Included in DGCIS,
852583,"Television cameras, digital cameras and video camera recorders; night vision goods as specified in subheading note 3 to this chapter",Night vision cameras,Digital Camera,Consumer Durables,Final Goods,Consumer electronics,yes,no,yes,no,yes,no,1.38222,0.000051,Included in DGCIS,
852589,Television cameras; n.e.c. in item no 8525.8,Camera modules and CCTV,Camera Module,Mobile & Telephone,Components,Consumer electronics,yes,no,yes,yes,yes,no,31.167709,0.007574,Included in DGCIS,
852610,Radar apparatus,Radar apparatus,Radar Apparatus,Consumer Durables,Final Goods,Consumer electronics,yes,yes,yes,no,yes,yes,6.817082,0.001482,Included in DGCIS,
852691,Radio navigational aid apparatus,Radio navigation aids,Radio apparatus,Telecom Apparatus,Final Goods,Telecom instruments,yes,yes,yes,no,yes,yes,9.526288,0.001388,Included in DGCIS,
852692,Radio remote control apparatus,Radio remote controls,Radio apparatus,Telecom Apparatus,Final Goods,Telecom instruments,yes,yes,yes,no,yes,yes,4.007436,0.000274,Included in DGCIS,
852712,Radio broadcast receivers capable of operating without an external power source; pocket-size radio cassette-players,Pocket radio cassette players,Cassette players,Telecom Apparatus,Final Goods,Telecom instruments,yes,yes,yes,no,yes,yes,0.015479,0.000003,Included in DGCIS,
852713,"Radio broadcast receivers capable of operating without an external power source; apparatus (other than pocket-size radio cassette-players), combined with sound recording or reproducing apparatus",Portable radio recorders,Radio broadcast receivers,Telecom Apparatus,Final Goods,Telecom instruments,yes,yes,yes,yes,yes,yes,0.545546,0.000123,Included in DGCIS,
852719,Radio broadcast receivers capable of operating without an external power source; n.e.c. in item no. 8527.1,Portable radio receivers,Radio broadcast receivers,Telecom Apparatus,Final Goods,Telecom instruments,yes,yes,yes,no,yes,yes,0.490181,0.00011,Included in DGCIS,
852721,"Radio-broadcast receivers not capable of operating without an external source of power, of a kind used in motor vehicles; combined with sound recording or reproducing apparatus",Car radios with recorder,Radio broadcast receivers,Telecom Apparatus,Final Goods,Telecom instruments,yes,yes,yes,no,yes,yes,4.736186,0.000881,Included in DGCIS,
852729,"Radio-broadcast receivers not capable of operating without an external source of power, of a kind used in motor vehicles; not combined with sound recording or reproducing apparatus",Car radio receivers,Radio broadcast receivers,Telecom Apparatus,Final Goods,Telecom instruments,yes,yes,yes,no,yes,yes,1.229424,0.000023,Included in DGCIS,
852791,Radio-broadcast receivers n.e.c. in heading no. 8527; combined with sound recording or reproducing apparatus,Home audio systems,Radio broadcast receivers,Telecom Apparatus,Final Goods,Telecom instruments,yes,yes,yes,no,yes,yes,2.188873,0.000328,Included in DGCIS,
852792,Radio-broadcast receivers n.e.c. in heading no. 8527; not combined with sound recording or reproducing apparatus but combined with a clock,Clock radios,Radio broadcast receivers,Telecom Apparatus,Final Goods,Telecom instruments,yes,yes,no,no,yes,no,0.135785,0.000031,Included in DGCIS,
852799,Radio-broadcast receivers n.e.c. in heading no. 8527; not combined with sound recording or reproducing apparatus and not combined with a clock,Radio receivers and tuners,Radio broadcast receivers,Telecom Apparatus,Final Goods,Telecom instruments,yes,yes,yes,no,yes,yes,0.645335,0.000008,Included in DGCIS,
852842,"Monitors; cathode-ray tube, capable of directly connecting to and designed for use with an automatic data processing machine of heading 84.71",CRT computer monitors,Monitors,Computer Hardware,Final Goods,"Computer hardware, peripherals",yes,yes,no,no,yes,no,0.084118,0.000019,Included in DGCIS,
852849,"Monitors; cathode-ray tube, n.e.c. in subheading 8528.42, whether or not colour","CRT monitors, other",Monitors,Computer Hardware,Final Goods,"Computer hardware, peripherals",yes,yes,yes,no,yes,yes,0.200069,0.000045,Included in DGCIS,
852852,Monitors; other than cathode-ray tube; capable of directly connecting to and designed for use with an automatic data processing machine of heading 84.71,Computer monitors,Monitors,Computer Hardware,Final Goods,"Computer hardware, peripherals",yes,yes,yes,no,yes,yes,19.740382,0.005539,Included in DGCIS,
852859,"Monitors other than cathode-ray tube; n.e.c. in subheading 8528.52, whether or not colour",Professional and signage monitors,Monitors,Computer Hardware,Final Goods,"Computer hardware, peripherals",yes,yes,yes,no,yes,yes,11.42665,0.00229,Included in DGCIS,
852862,Projectors; capable of directly connecting to and designed for use with an automatic data processing machine of heading 84.71,Computer projectors,Projectros,Computer Hardware,Final Goods,"Computer hardware, peripherals",yes,yes,yes,no,yes,yes,2.304268,0.000553,Included in DGCIS,
852869,"Projectors; n.e.c. in subheading 8528.62, whether or not colour","Projectors, other",Projects,Consumer Durables,Final Goods,Consumer electronics,yes,yes,yes,no,yes,yes,1.770069,0.00022,Included in DGCIS,
852871,"Reception apparatus for television, whether or not incorporating radio-broadcast receivers or sound or video recording or reproducing apparatus; not designed to incorporate a video display or screen",Television tuner boxes,OTT Set Top Box/ Set Top Box,Consumer Durables,Final Goods,Consumer electronics,yes,yes,yes,yes,yes,yes,3.043137,0.000592,Included in DGCIS,
852872,"Reception apparatus for television, whether or not incorporating radio-broadcast receivers or sound or video recording or reproducing apparatus; incorporating a colour video display or screen",Colour televisions,Colour TV sets,Consumer Durables,Final Goods,Consumer electronics,yes,yes,yes,no,yes,yes,42.542929,0.009474,Included in DGCIS,
852873,"Reception apparatus for television, whether or not incorporating radio-broadcast receivers or sound or video recording or reproducing apparatus; incorporating a monochrome video display or screen",Monochrome televisions,Reception apparatus for television,Consumer Durables,Components,Consumer electronics,yes,yes,yes,no,yes,yes,0.089417,0.00002,Included in DGCIS,
852910,Reception and transmission apparatus; aerials and aerial reflectors of all kinds and parts suitable for use therewith,Antennas and aerial reflectors,Telecommunication Equipment,Mobile & Telephone,Final Goods,Consumer electronics,yes,yes,yes,no,yes,yes,4.998316,0.000953,Included in DGCIS,
852990,"Reception and transmission apparatus; for use with the apparatus of heading no. 8524 to 8528, excluding aerials and aerial reflectors",Broadcast and display parts,Telecommunication Equipment,Mobile & Telephone,Components,Consumer electronics,yes,yes,yes,yes,yes,yes,37.048427,0.010418,Included in DGCIS,
853010,"Signalling, safety or traffic control equipment; for railways or tramways (excluding those of heading no. 8608)",Railway signalling equipment,"Electric signal, safety & traffic controls",Other Electronics,Components,Not Included,no,yes,no,no,no,no,0.629668,0.000142,Small world share,
853080,"Signalling, safety or traffic control equipment; for roads, inland waterways, parking facilities, port installations or airfields (excluding those of heading no. 8608)",Road and traffic signalling,"Electric signal, safety & traffic controls",Other Electronics,Components,Not Included,no,yes,no,no,no,no,0.087768,0.000011,Small world share,
853090,"Signalling apparatus; parts of safety, traffic control equipment for railways, tramways, roads, inland waterways, airfields, parking facilities, port instalments (excluding those of heading no. 8608)",Traffic signalling parts,Parts for signalling apparatus,Other Electronics,Components,Not Included,no,yes,no,no,no,no,0.029988,0.000004,Small world share,
853110,"Signalling apparatus; electric, sound or visual, burglar or fire alarms and similar, other than those of heading no. 8512 or 8530",Fire and burglar alarms,Fire or burglar alarms,Consumer Durables,Final Goods,Consumer electronics,yes,yes,yes,no,yes,yes,5.340737,0.001504,Included in DGCIS,
853120,"Signalling apparatus; electric, sound or visual, indicator panels incorporating liquid crystal devices (LCD) or light-emitting diodes (LED), excluding those of heading no. 8512 or 8530",Electronic indicator panels,Indicator panels incorporating electronic displays,Other Electronics,Components,Electronics components,yes,yes,no,no,yes,yes,5.02791,0.001193,Included in DGCIS,
853180,"Signalling apparatus; electric, sound or visual, apparatus n.e.c. in heading no. 8531, excluding those of heading no. 8512 or 8530","Signalling apparatus, other",Sound or signalling apparatus,Other Electronics,Components,Electronics components,yes,yes,no,no,yes,yes,4.787846,0.000481,Included in DGCIS,
853190,"Signalling apparatus; parts of the electric, sound or visual apparatus of heading no. 8531",Signalling apparatus parts,Parts of electric sound & visual signalling apparatus,Other Electronics,Components,Electronics components,yes,yes,no,no,yes,yes,4.349072,0.000751,Included in DGCIS,
853210,"Electrical capacitors; fixed, designed for use in 50/60 Hz circuits and having a reactive power handling capacity of not less than 0.5 kvar (power capacitors)",Power factor capacitors,Electrical capacitors,Electrical Equipment,Components,Electronics components,yes,yes,yes,no,yes,yes,0.566891,0.000127,Included in DGCIS,
853221,"Electrical capacitors; fixed, tantalum",Tantalum capacitors,Electrical capacitors,Electrical Equipment,Components,Electronics components,yes,yes,yes,no,yes,yes,2.003503,0.000314,Included in DGCIS,
853222,"Electrical capacitors; fixed, aluminium electrolytic",Aluminium electrolytic capacitors,Electrical capacitors,Electrical Equipment,Components,Electronics components,yes,yes,yes,yes,yes,yes,5.78716,0.001176,Included in DGCIS,
853223,"Electrical capacitors; fixed, ceramic dielectric, single layer",Single-layer ceramic capacitors,Electrical capacitors,Electrical Equipment,Components,Electronics components,yes,yes,no,yes,yes,no,0.558596,0.000126,Included in DGCIS,
853224,"Electrical capacitors; fixed, ceramic dielectric, multilayer",Multilayer ceramic capacitors,Electrical capacitors,Electrical Equipment,Components,Electronics components,yes,yes,yes,yes,yes,yes,17.623939,0.004006,Included in DGCIS,
853225,"Electrical capacitors; fixed, dielectric of paper or plastics",Film and paper capacitors,Electrical capacitors,Electrical Equipment,Components,Electronics components,yes,yes,yes,yes,yes,yes,2.366989,0.000281,Included in DGCIS,
853229,"Electrical capacitors; fixed, n.e.c. in heading no. 8532","Fixed capacitors, other",Electrical capacitors,Electrical Equipment,Components,Not Included,yes,yes,no,yes,no,yes,2.192955,0.000323,Included in ICEA,
853230,Electrical capacitors; variable or adjustable (pre-set) capacitors,Variable capacitors,Electrical capacitors,Electrical Equipment,Components,Electronics components,yes,yes,yes,no,yes,yes,0.26627,0.00006,Included in DGCIS,
853290,Electrical capacitors; parts of the capacitors of heading no. 8532,Capacitor parts,Parts of electrical capacitors,Electrical Equipment,Components,Electronics components,yes,yes,yes,no,yes,yes,1.042182,0.000082,Included in DGCIS,
853310,"Electrical resistors; fixed carbon resistors, composition or film types (including rheostats and potentiometers but excluding heating resistors)",Carbon film resistors,Electrical resistors,Electrical Equipment,Components,Electronics components,yes,yes,yes,no,yes,yes,0.452156,0.000102,Included in DGCIS,
853321,"Electrical resistors; fixed, for a power handling capacity not exceeding 20W (including rheostats and potentiometers but excluding heating resistors and carbon resistors)","Fixed resistors, to 20W",Electrical resistors,Electrical Equipment,Components,Electronics components,yes,yes,yes,yes,yes,yes,5.861792,0.000995,Included in DGCIS,
853329,"Electrical resistors; fixed, for a power handling capacity exceeding 20W (including rheostats and potentiometers but excluding heating resistors and carbon resistors)","Power resistors, above 20W",Electrical resistors,Electrical Equipment,Components,Electronics components,yes,yes,yes,no,yes,yes,0.9786,0.000038,Included in DGCIS,
853331,"Electrical resistors; wirewound variable, including rheostats and potentiometers, for a power handling capacity not exceeding 20W (excluding heating)","Wirewound potentiometers, to 20W",Electrical resistors,Electrical Equipment,Components,Electronics components,yes,yes,yes,yes,yes,yes,0.09048,0.00002,Included in DGCIS,
853339,"Electrical resistors; wirewound variable, including rheostats and potentiometers, for a power handling capacity exceeding 20W (excluding heating)","Wirewound rheostats, above 20W",Electrical resistors,Electrical Equipment,Components,Electronics components,yes,yes,yes,no,yes,yes,0.059531,0.000013,Included in DGCIS,
853340,"Electrical resistors; variable, including rheostats and potentiometers (excluding heating)",Variable resistors and potentiometers,Electrical resistors,Electrical Equipment,Components,Electronics components,yes,yes,yes,yes,yes,yes,3.524305,0.001351,Included in DGCIS,
853390,Resistors; parts of the resistors of heading no. 8533,Resistor parts,Parts of electrical resistors,Electrical Equipment,Components,Electronics components,yes,yes,yes,no,yes,yes,0.407983,0.000092,Included in DGCIS,
853400,Circuits; printed,Printed circuit boards,Printed Circuits,Semiconductor,Components,Electronics components,yes,yes,yes,yes,yes,yes,45.034644,0.01082,Included in DGCIS,
853510,"Electrical apparatus; fuses, for a voltage exceeding 1000 volts",High-voltage fuses,Electrical apparatus,Electrical Equipment,Components,Not Included,no,yes,no,no,no,no,0.574909,0.000129,Small world share,
853521,"Electrical apparatus; automatic circuit breakers, for a voltage exceeding 1000 volts but less than 72.5kV","Circuit breakers, to 72.5kV",Electrical apparatus,Electrical Equipment,Components,Not Included,no,yes,no,no,no,no,0.258529,0.000031,Small world share,
853529,"Electrical apparatus; automatic circuit breakers, for a voltage of 72.5kV or more","Circuit breakers, above 72.5kV",Electrical apparatus,Electrical Equipment,Components,Not Included,no,yes,no,no,no,no,0.016523,0.000002,Small world share,
853530,"Electrical apparatus; isolating and make-and-break switches, for a voltage exceeding 1000 volts",High-voltage isolating switches,Electrical apparatus,Electrical Equipment,Components,Not Included,no,yes,no,no,no,no,2.212816,0.000265,Small world share,
853540,"Electrical apparatus; lightning arresters, voltage limiters and surge suppressors (for a voltage exceeding 1000 volts)",Surge arresters and limiters,Electrical apparatus,Electrical Equipment,Components,Not Included,no,yes,no,no,no,no,0.563771,0.000127,Small world share,
853590,"Electrical apparatus; n.e.c. in heading no. 8535, for switching or protecting electrical circuits, for a voltage exceeding 1000 volts","High-voltage switchgear, other",Electrical apparatus,Electrical Equipment,Components,Not Included,no,yes,no,no,no,no,3.018839,0.000361,Small world share,
853610,"Electrical apparatus; fuses, for a voltage not exceeding 1000 volts",Low-voltage fuses,Electrical apparatus,Electrical Equipment,Components,Not Included,yes,yes,no,yes,no,no,2.965703,0.000501,Included in ICEA,
853620,"Electrical apparatus; automatic circuit breakers, for a voltage not exceeding 1000 volts",Low-voltage circuit breakers,Electrical apparatus,Electrical Equipment,Components,Not Included,yes,yes,no,no,no,no,10.812843,0.002178,Included based on subjective judgement,
853630,"Electrical apparatus; for protecting electrical circuits, n.e.c. in heading no. 8536, for a voltage not exceeding 1000 volts",Circuit protection devices,Electrical apparatus,Electrical Equipment,Components,Not Included,no,yes,no,no,no,no,7.879356,0.000943,Small world share,
853641,"Electrical apparatus; relays, (for a voltage not exceeding 60 volts)","Relays, to 60 volts",Relay (electricaly operated switch),Electrical Equipment,Components,Electronics components,yes,yes,yes,no,yes,yes,4.89022,0.001229,Included in DGCIS,
853649,"Electrical apparatus; relays, for a voltage exceeding 60 volts",Relays above 60 volts,Relay (electricaly operated switch),Electrical Equipment,Components,Electronics components,yes,yes,yes,no,yes,yes,5.58427,0.000897,Included in DGCIS,
853650,"Electrical apparatus; switches n.e.c. in heading no. 8536, for a voltage not exceeding 1000 volts",Electrical switches,Switches,Electrical Equipment,Components,Not Included,yes,yes,no,yes,no,no,20.781868,0.004371,Included in ICEA,
853661,"Electrical apparatus; lamp-holders, for a voltage not exceeding 1000 volts",Lamp holders,Lamp holders,Electrical Equipment,Components,Not Included,no,yes,no,no,no,no,0.514338,0.000116,Small world share,
853669,"Electrical apparatus; plugs and sockets, for a voltage not exceeding 1000 volts","Plugs, sockets and connectors",Plugs and sockets,Electrical Equipment,Components,Not Included,yes,yes,no,yes,no,no,21.56922,0.003531,Included in ICEA,
853670,"Connectors for optical fibres, optical fibre bundles or cables",Optical fibre connectors,Optical fibre cables,Electrical Equipment,Components,Not Included,no,yes,no,no,no,no,2.816826,0.000337,Small world share,
853690,"Electrical apparatus; n.e.c. in heading no. 8536, for switching or protecting electrical circuits, for a voltage not exceeding 1000 volts",Terminal blocks and connectors,Voltage regulators,Electrical Equipment,Components,Not Included,yes,yes,no,yes,no,no,41.271026,0.01003,Included in ICEA,
853710,"Boards, panels, consoles, desks and other bases; for electric control or the distribution of electricity, (other than switching apparatus of heading no. 8517), for a voltage not exceeding 1000 volts",Low-voltage control panels,Electrical boards / panels / Consoles,Electrical Equipment,Components,Electronics components,yes,yes,yes,yes,yes,yes,80.683513,0.019239,Included in DGCIS,
853720,"Boards, panels, consoles, desks and other bases; for electric control or the distribution of electricity, (other than switching apparatus of heading no. 8517), for a voltage exceeding 1000 volts",High-voltage control panels,"Boards, panels, consoles",Electrical Equipment,Components,Electronics components,yes,yes,yes,yes,yes,yes,7.429852,0.002197,Included in DGCIS,
853810,"Electrical apparatus; parts (e.g. boards, panels, consoles, desks, cabinets, other bases), for goods of heading no. 8537, not equipped with their apparatus",Unequipped panel enclosures,Parts of electrical apparatus,Electrical Equipment,Components,Electronics components,yes,yes,yes,yes,yes,yes,4.86489,0.000913,Included in DGCIS,
853890,"Electrical apparatus; parts suitable for use solely or principally with the apparatus of heading no. 8535, 8536 or 8537",Switchgear and panel parts,Mechanics for Mobile Phones,Mobile & Telephone,Final Goods,Telecom instruments,yes,yes,yes,yes,yes,yes,38.030557,0.007991,Included in DGCIS,
853910,Lamps; sealed beam units,Sealed beam lamp units,Lamps,Consumer Durables,Final Goods,Not Included,no,yes,no,no,no,no,0.058424,0.000007,Small world share,
853921,"Lamps; filament, (excluding ultra-violet or infra-red), tungsten halogen",Tungsten halogen lamps,Lamps,Consumer Durables,Final Goods,Not Included,no,yes,no,no,no,no,0.599059,0.000072,Small world share,
853922,"Lamps; filament, (excluding ultra-violet or infra-red), of a power not exceeding 200W and for a voltage exceeding 100 volts, other than tungsten halogen","Filament lamps, under 200W",Lamps,Consumer Durables,Final Goods,Not Included,no,yes,no,no,no,no,0.350356,0.000079,Small world share,
853929,"Lamps; filament, (excluding ultra-violet or infra-red), n.e.c. in item no. 8539.2","Filament lamps, other",Lamps,Consumer Durables,Final Goods,Not Included,no,yes,no,no,no,no,0.66458,0.000149,Small world share,
853931,"Lamps; discharge, (excluding ultra-violet), fluorescent, hot cathode",Fluorescent lamps,Lamps,Consumer Durables,Final Goods,Not Included,yes,yes,no,no,no,yes,0.56237,0.000015,Included based on subjective judgement,
853932,"Lamps; discharge, (excluding ultra-violet), mercury or sodium vapour lamps, metal halide lamps",Vapour and halide lamps,Lamps,Consumer Durables,Final Goods,Not Included,no,yes,no,no,no,no,0.449358,0.000101,Small world share,
853939,"Lamps; discharge, (excluding ultra-violet, excluding fluorescent, hot cathode)","Discharge lamps, other",Lamps,Consumer Durables,Final Goods,Not Included,no,yes,no,no,no,no,0.391867,0.000088,Small world share,
853941,Lamps; arc-lamps,Arc lamps,Lamps,Consumer Durables,Final Goods,Not Included,no,yes,no,no,no,no,0.640711,0.000144,Small world share,
853949,"Lamps; ultra-violet or infra-red lamps, (excluding arc-lamps)",Ultraviolet and infrared lamps,Lamps,Consumer Durables,Final Goods,Not Included,no,yes,no,no,no,no,0.550572,0.000066,Small world share,
853950,Lamps; light-emitting diode (LED) lamps,LED lamps,LED Lamps,Consumer Durables,Final Goods,Not Included,yes,yes,no,no,no,yes,0.001209,0,Included based on subjective judgement,
853990,Lamps; parts of the lamps of heading no. 8539,Lamp parts,Parts of lamps,Consumer Durables,Components,Not Included,no,yes,no,no,no,no,0.676873,0.000152,Small world share,
854011,"Tubes; cathode-ray television picture tubes, including video monitor cathode-ray tubes, colour",Colour picture tubes,Cathode ray tubes,Other Electronics,Components,Electronics components,yes,yes,no,no,yes,yes,0.010882,0.000002,Included in DGCIS,
854012,"Tubes; cathode-ray television picture tubes, including video monitor cathode-ray tubes, black and white or other monochrome",Monochrome picture tubes,Cathode ray tubes,Other Electronics,Components,Electronics components,yes,yes,no,no,yes,no,0.001862,0,Included in DGCIS,
854020,"Tubes; television camera tubes, image converters and intensifiers, other photo-cathode tubes",Camera and intensifier tubes,Cathode ray tubes,Other Electronics,Components,Electronics components,yes,yes,no,no,yes,yes,0.604844,0.000136,Included in DGCIS,
854040,"Tubes; data/graphic display tubes, monochrome; data/graphic display tubes, colour, with a phosphor dot screen pitch smaller than 0.4mm",Graphic display tubes,Display tubes,Other Electronics,Components,Electronics components,yes,yes,no,no,yes,no,0.01882,0.000004,Included in DGCIS,
854060,"Tubes; cathode ray, n.e.c. in heading no. 8540","Cathode ray tubes, other",Cathode ray tubes,Other Electronics,Components,Electronics components,yes,yes,no,no,yes,yes,0.009401,0.000002,Included in DGCIS,
854071,"Tubes; microwave, magnetrons, excluding grid-controlled tubes",Magnetrons,an electron tube for amplifying or generating microwaves,Other Electronics,Components,Electronics components,yes,yes,no,no,yes,yes,0.372635,0.000084,Included in DGCIS,
854079,"Tubes; microwave (for example klystrons, travelling wave tubes, carlinotrons), excluding magnetrons and grid-controlled tubes","Microwave tubes, other",Valves and tubes,Other Electronics,Components,Electronics components,yes,yes,no,no,yes,yes,0.230853,0.000052,Included in DGCIS,
854081,Valves and tubes; receiver or amplifier,Receiver and amplifier valves,Valves and tubes,Other Electronics,Components,Electronics components,yes,yes,no,no,yes,no,0.138224,0.000031,Included in DGCIS,
854089,Valves and tubes; n.e.c. in heading no. 8540,"Valves and tubes, other",Valves and tubes,Other Electronics,Components,Electronics components,yes,yes,no,no,yes,yes,0.243501,0.000055,Included in DGCIS,
854091,Tubes; parts of cathode-ray tubes,Cathode ray tube parts,Cathode ray tubes,Other Electronics,Components,Electronics components,yes,yes,no,no,yes,yes,0.038547,0.000009,Included in DGCIS,
854099,"Valves and tubes; parts of the valves and tubes of heading no. 8540, excluding parts of cathode-ray tubes",Valve and tube parts,Parts of valves and tubes,Other Electronics,Components,Electronics components,yes,yes,no,no,yes,yes,0.153622,0.000035,Included in DGCIS,
854110,"Electrical apparatus; diodes, other than photosensitive or light-emitting diodes (LED)",Diodes and rectifiers,Diodes,Electrical Equipment,Components,Electronics components,yes,yes,yes,yes,yes,yes,12.076602,0.00343,Included in DGCIS,
854121,"Electrical apparatus; transistors, (other than photosensitive), with a dissipation rate of less than 1W","Transistors, under 1W",Transistors,Electrical Equipment,Components,Electronics components,yes,yes,yes,yes,yes,yes,4.65362,0.001174,Included in DGCIS,
854129,"Electrical apparatus; transistors, (other than photosensitive), with a dissipation rate of 1W or more","Transistors, 1W and above",Transistors,Electrical Equipment,Components,Electronics components,yes,yes,yes,yes,yes,yes,32.718801,0.006236,Included in DGCIS,
854130,"Electrical apparatus; thyristors, diacs and triacs, other than photosensitive devices","Thyristors, diacs and triacs","Thyristors, diacs, triacs",Electrical Equipment,Components,Electronics components,yes,yes,yes,no,yes,yes,1.64135,0.000121,Included in DGCIS,
854140,"Electrical apparatus; photosensitive, including photovoltaic cells, whether or not assembled in modules or made up into panels, light-emitting diodes (LED)",Photosensitive semiconductor devices,Solar Cells,Electrical Equipment,Components,Not Included,yes,yes,no,yes,no,yes,0.286638,0.000458,Included in ICEA,
854141,"Electrical apparatus; photosensitive semiconductor devices, light emitting diodes (LED)",Light-emitting diodes,Photosensitive semiconductor devices,Semiconductor,Components,Electronics components,yes,no,no,no,yes,no,12.144395,0.001914,Included in DGCIS,
854142,"Electrical apparatus; photosensitive semiconductor devices, photovoltaic cells not assembled in modules or made up into panels",Unassembled photovoltaic cells,Photosensitive semiconductor devices,Semiconductor,Components,Electronics components,yes,no,no,no,yes,no,7.408322,0.001234,Included in DGCIS,
854143,"Electrical apparatus; photosensitive semiconductor devices, photovoltaic cells assembled in modules or made up into panels",Solar modules and panels,Photosensitive semiconductor devices,Semiconductor,Components,Electronics components,yes,no,no,no,yes,no,56.145972,0.014011,Included in DGCIS,
854149,"Electrical apparatus; photosensitive semiconductor devices, diodes other than light emitting diodes and photovoltaic cells whether or not assembled in modules or made up into panels",Photodiodes and optocouplers,Photosensitive semiconductor devices,Other Electronics,Components,Electronics components,yes,no,no,no,yes,no,9.122223,0.002061,Included in DGCIS,
854150,"Electrical apparatus; photosensitive semiconductor devices n.e.c. in heading no. 8541, including photovoltaic cells, whether or not assembled in modules or made up into panels","Photosensitive devices, unspecified",Photosensitive semiconductor devices,Semiconductor,Components,Not Included,yes,yes,no,no,no,yes,0.222607,0.00005,Included based on subjective judgement,
854151,"Electrical apparatus; photosensitive semiconductor devices, semiconductor-based transducers",Semiconductor-based transducers,Photosensitive semiconductor devices,Semiconductor,Components,Electronics components,yes,no,no,no,yes,no,0.693627,0.000006,Included in DGCIS,
854159,Electrical apparatus; photosensitive semiconductor devices n.e.c. in heading no. 8541,"Photosensitive devices, other",Photosensitive semiconductor devices,Semiconductor,Components,Electronics components,yes,no,no,no,yes,no,2.548315,0.000382,Included in DGCIS,
854160,Crystals; mounted piezo-electric,Mounted piezo-electric crystals,"Used in the sensing or actuation of systems like gas flow sensing, vibration sensing, and flow sensing.",Electrical Equipment,Components,Electronics components,yes,yes,yes,yes,yes,yes,6.833537,0.001549,Included in DGCIS,
854190,"Electrical apparatus; parts for diodes, transistors and similar semiconductor devices and photosensitive semiconductor devices",Semiconductor device parts,Apparatus for diodes and transistors,Electrical Equipment,Components,Electronics components,yes,yes,yes,no,yes,yes,8.593148,0.001825,Included in DGCIS,
854231,"Electronic integrated circuits; processors and controllers, whether or not combined with memories, converters, logic circuits, amplifiers, clock and timing circuits, or other circuits",Processor and controller chips,Monolithic integrated circuits - Digital,Semiconductor,Components,Electronics components,yes,yes,yes,yes,yes,yes,301.951448,0.088761,Included in DGCIS,
854232,Electronic integrated circuits; memories,Memory chips,Memory Integrated Circuits,Semiconductor,Components,Electronics components,yes,yes,yes,yes,yes,yes,149.984563,0.038636,Included in DGCIS,
854233,Electronic integrated circuits; amplifiers,Amplifier chips,Amplifiers,Semiconductor,Components,Electronics components,yes,yes,yes,no,yes,yes,20.335455,0.005716,Included in DGCIS,
854239,Electronic integrated circuits; n.e.c. in heading no. 8542,"Integrated circuits, other",Electronic integrated circuits,Semiconductor,Components,Electronics components,yes,yes,yes,yes,yes,yes,359.551505,0.082127,Included in DGCIS,
854290,Parts of electronic integrated circuits,Integrated circuit parts,Parts of electronic circuits,Semiconductor,Components,Electronics components,yes,yes,yes,no,yes,yes,20.738806,0.005006,Included in DGCIS,
854310,Electrical machines and apparatus; particle accelerators,Particle accelerators,Electrical machines and apparatus,Electrical Equipment,Components,Electronics components,yes,yes,yes,no,yes,yes,0.239043,0.000054,Included in DGCIS,
854320,Electrical machines and apparatus; signal generators,Signal generators,Electrical machines and apparatus,Electrical Equipment,Components,Electronics components,yes,yes,yes,no,yes,yes,1.917722,0.000138,Included in DGCIS,
854330,"Electrical machines and apparatus; for electroplating, electrolysis or electrophoresis",Electroplating apparatus,Electrical machines and apparatus,Electrical Equipment,Final Goods,Electronics instruments,yes,yes,yes,no,yes,yes,1.45236,0.00007,Included in DGCIS,
854340,Electrical machines and apparatus; electronic cigarettes and similar personal electric vaporising devices,Electronic cigarettes,Electronics cigarettes,Electrical Equipment,Final Goods,Electronics instruments,yes,no,no,no,yes,no,4.328376,0.001192,Included in DGCIS,
854370,"Electrical machines and apparatus; having individual functions, not specified or included elsewhere in this chapter, n.e.c. in heading no. 8543","Electrical machines, other","Components for amplifiers, data recorders etc.",Electrical Equipment,Final Goods,Electronics instruments,yes,yes,yes,no,yes,yes,39.251778,0.009583,Included in DGCIS,
854390,Electrical machines and apparatus; parts of the electrical goods of heading no. 8543,Electrical machine parts,Parts of electrical machines and apparatus,Electrical Equipment,Components,Electronics instruments,yes,yes,yes,yes,yes,yes,10.746131,0.002326,Included in DGCIS,
854411,"Insulated electric conductors; winding wire, of copper",Copper winding wire,Cables,Electrical Equipment,Components,Not Included,no,yes,no,no,no,no,15.389253,0.001842,Small world share,
854419,"Insulated electric conductors; winding wire, (of other than copper)","Winding wire, other metals",Cables,Electrical Equipment,Components,Not Included,no,yes,no,no,no,no,0.544428,0.000065,Small world share,
854420,Insulated electric conductors; co-axial cable and other co-axial electric conductors,Coaxial cable,Cables,Electrical Equipment,Components,Electronics instruments,yes,yes,yes,no,yes,yes,6.443871,0.00129,Included in DGCIS,
854430,"Insulated electric conductors; ignition wiring sets and other wiring sets of a kind used in vehicles, aircraft or ships",Vehicle wiring harnesses,Cables,Electrical Equipment,Components,Not Included,no,yes,no,no,no,no,74.133103,0.008875,"Can be removed, can be added in auto comp",
854442,"Insulated electric conductors; for a voltage not exceeding 1000 volts, fitted with connectors",Cables with connectors,Cables,Electrical Equipment,Components,Not Included,yes,yes,no,yes,no,no,37.839169,0.008881,Included in ICEA,
854449,"Insulated electric conductors; for a voltage not exceeding 1000 volts, not fitted with connectors",Cables without connectors,Cables,Electrical Equipment,Components,Not Included,yes,yes,no,yes,no,no,38.042037,0.008643,Included in ICEA,
854460,Insulated electric conductors; for a voltage exceeding 1000 volts,High-voltage power cable,Cables,Electrical Equipment,Components,Not Included,yes,yes,no,no,no,no,10.160286,0.001967,Included based on subjective judgement,
854470,Insulated electric conductors; optical fibre cables,Optical fibre cable,Cables,Electrical Equipment,Components,Not Included,yes,yes,no,no,no,no,9.255684,0.002444,Included based on subjective judgement,
854511,"Carbon electrodes; with or without metal, of a kind used for furnaces",Graphite furnace electrodes,Carbon electrodes,Electrical Equipment,Components,Not Included,no,yes,no,no,no,no,4.089653,0.00049,Small world share,
854519,"Carbon electrodes; with or without metal, of a kind used for other than furnaces","Carbon electrodes, other",Carbon electrodes,Electrical Equipment,Components,Not Included,no,yes,no,no,no,no,5.450226,0.000652,Small world share,
854520,"Carbon brushes; with or without metal, used for electrical purposes",Carbon brushes,Carbon brushes,Electrical Equipment,Components,Electrodes,yes,yes,no,no,yes,no,0.632751,0.000142,Included in DGCIS,
854590,"Carbon; lamp carbons, battery carbons and other articles of graphite or other carbon, with or without metal, of a kind used for electrical purposes",Lamp and battery carbons,"Lamp carbon, battery carbon",Electrical Equipment,Components,Electrodes,yes,yes,no,no,yes,no,0.543763,0.000122,Included in DGCIS,
854610,Electrical insulators; of glass,Glass insulators,Electrical insulators,Electrical Equipment,Components,Not Included,no,yes,no,no,no,no,0.203405,0.000046,Small world share,
854620,Electrical insulators; of ceramics,Ceramic insulators,Electrical insulators,Electrical Equipment,Components,Not Included,no,yes,no,no,no,no,0.697733,0.000157,Small world share,
854690,Electrical insulators; other than of glass and ceramics,"Insulators, other materials",Electrical insulators,Electrical Equipment,Components,Not Included,yes,yes,no,yes,no,no,1.496601,0.000089,Included in ICEA,
854710,"Insulating fittings; of ceramics, for electrical machines, of insulating material only (except minor assembly parts), excluding those of heading no. 8546",Ceramic insulating fittings,Insulating fittings,Electrical Equipment,Components,Not Included,no,yes,no,no,no,no,0.015583,0.000002,Small world share,
854720,"Insulating fittings; of plastics, for electrical machines, of insulating material only (except minor assembly parts), excluding those of heading no. 8546",Plastic insulating fittings,Insulating fittings,Electrical Equipment,Components,Not Included,no,yes,no,no,no,no,6.45381,0.000773,Small world share,
854790,"Insulating fittings; (other than of ceramics or plastics), for electrical machines, appliances and equipment, excluding insulators of heading no. 8546","Insulating fittings, other",Insulating fittings,Electrical Equipment,Components,Not Included,no,yes,no,no,no,no,0.753877,0.00009,Small world share,
854810,"Waste and scrap of primary cells, primary batteries and electric accumulators; spent primary cells, spent primary batteries and spent electric accumulators",Battery waste and scrap,Waste and Scrap of cells,Consumer Durables,Components,Not Included,no,yes,no,no,no,no,0.008609,0.000002,Small world share,
854890,Electrical parts of machinery or apparatus; n.e.c. in chapter 85,"Electrical parts, unclassified",Other parts of waste and scraps,Electrical Equipment,Components,Not Included,no,yes,no,no,no,no,0.368227,0.000083,Small world share,
901210,Microscopes (excluding optical microscopes); diffraction apparatus,Electron microscopes,Microscopes,Other Electronics,Final Goods,Electronics instruments,yes,yes,no,no,yes,yes,2.85371,0.000401,Included in DGCIS,
901290,Microscopes (excluding optical microscopes); diffraction apparatus; parts and accessories,Electron microscope parts,Parts of microscopes,Other Electronics,Components,Electronics instruments,yes,yes,no,no,yes,yes,1.049921,0.000038,Included in DGCIS,
901320,Lasers; other than laser diodes,Laser sources,Lasers,Other Electronics,Final Goods,Electronics instruments,yes,yes,no,no,yes,yes,7.005859,0.002445,Included in DGCIS,
901380,"Optical devices, appliances and instruments; n.e.c. in heading no. 9013","Optical devices, other",LCD Devices,Other Electronics,Final Goods,Electronics instruments,yes,yes,yes,no,yes,yes,4.827637,0.001781,Included in DGCIS,
901390,Optical appliances and instruments; parts and accessories for articles of heading no. 9013,Optical device parts,Parts of optical appliances,Other Electronics,Components,Electronics instruments,yes,yes,no,no,yes,yes,2.89045,0.000638,Included in DGCIS,
901420,Navigational instruments and appliances; for aeronautical or space navigation (excluding compasses),Aeronautical navigation instruments,Space navigation instruments,Other Electronics,Final Goods,Electronics instruments,yes,yes,no,yes,yes,yes,2.946596,0.000432,Included in DGCIS,
901480,Navigational instruments and appliances; for navigation other than aeronautical or space navigation (excluding direction finding compasses),"Navigation instruments, other",Non space navigation instruments,Other Electronics,Final Goods,Electronics instruments,yes,yes,no,no,yes,yes,2.123272,0.000242,Included in DGCIS,
901580,"Surveying equipment; articles n.e.c. in heading no. 9015, including hydrographic, oceanographic, hydrological, meteorological or geophysical instruments and appliances (excluding compasses)",Surveying and meteorological instruments,meteorological or geophysical surveying equipment,Other Electronics,Final Goods,Electronics instruments,yes,yes,no,no,yes,yes,5.456127,0.000913,Included in DGCIS,
901590,Surveying equipment; parts and accessories for articles of heading no. 9015,Surveying instrument parts,Parts of surveying equipment,Other Electronics,Components,Electronics instruments,yes,yes,no,no,yes,yes,2.638866,0.000302,Included in DGCIS,
901600,"Balances; of a sensitivity of 5cg or better, with or without weights",Precision balances,Used for measuring weights,Other Electronics,Final Goods,Electronics instruments,yes,yes,no,no,yes,yes,0.550359,0.000124,Included in DGCIS,
901720,"Drawing, marking-out or mathematical calculating instruments",Drawing and marking instruments,Instruments used to measure and calculate while drawing,Other Electronics,Final Goods,Electronics instruments,yes,yes,no,no,yes,yes,0.432764,0.000097,Included in DGCIS,
901811,"Medical, surgical instruments and appliances; electro-cardiographs",Electrocardiographs,Medical instruments,Medical Electronics,Final Goods,Electronics instruments,yes,yes,no,no,yes,yes,1.289369,0.000063,Included in DGCIS,
901812,"Medical, surgical instruments and appliances; ultrasonic scanning apparatus",Ultrasound scanners,"LINEAR ULTRASOUND SCANNER, ELECTRO-DIAGNOSTC APARATUS",Medical Electronics,Final Goods,Electronics instruments,yes,yes,no,no,yes,yes,4.807447,0.001061,Included in DGCIS,
901813,"Medical, surgical instruments and appliances; magnetic resonance imaging apparatus",MRI scanners,Medical instruments,Medical Electronics,Final Goods,Electronics instruments,yes,yes,no,no,yes,yes,5.715094,0.001025,Included in DGCIS,
901814,"Medical, surgical instruments and appliances; scintigraphic apparatus",Scintigraphic imaging apparatus,Medical instruments,Medical Electronics,Final Goods,Electronics instruments,yes,yes,no,no,yes,yes,0.281342,0.000063,Included in DGCIS,
901819,"Medical, surgical instruments and appliances; electro-diagnostic apparatus (including apparatus for functional exploratory examination or for checking physiological parameters), n.e.c. in item no. 9018.1","Electro-diagnostic apparatus, other",Medical instruments,Medical Electronics,Final Goods,Electronics instruments,yes,yes,no,yes,yes,yes,18.338997,0.003837,Included in DGCIS,
901820,"Medical, surgical instruments and appliances; ultra-violet or infra-red ray apparatus",Ultraviolet and infrared therapy,Medical instruments,Medical Electronics,Final Goods,Electronics instruments,yes,yes,no,no,yes,yes,0.678037,0.000152,Included in DGCIS,
901850,Ophthalmic instruments and appliances,Ophthalmic instruments,Ophthalmic instruments,Medical Electronics,Final Goods,Electronics instruments,yes,yes,no,no,yes,yes,5.606983,0.000937,Included in DGCIS,
902140,Hearing aids (excluding parts and accessories),Hearing aids,Hearing aids,Medical Electronics,Final Goods,Electronics instruments,yes,yes,no,no,yes,yes,5.717417,0.001066,Included in DGCIS,
902150,Pacemakers; for stimulating heart muscles (excluding parts and accessories),Cardiac pacemakers,Pacemakers,Medical Electronics,Final Goods,Electronics instruments,yes,yes,no,no,yes,yes,6.315527,0.000851,Included in DGCIS,
902212,"Apparatus based on the use of x-rays; including radiography or radiotherapy apparatus, whether or not for medical, surgical, dental or veterinary uses, computed tomography apparatus",Computed tomography apparatus,Medical apparatus,Medical Electronics,Final Goods,Electronics instruments,yes,yes,no,no,yes,yes,5.057925,0.000952,Included in DGCIS,
902213,"Apparatus based on the use of x-rays; including radiography or radiotherapy apparatus, for dental uses, excluding computed tomography apparatus",Dental X-ray apparatus,Medical apparatus,Medical Electronics,Final Goods,Electronics instruments,yes,yes,no,no,yes,yes,0.518087,0.000011,Included in DGCIS,
902214,"Apparatus based on the use of x-rays; including radiography or radiotherapy apparatus, for medical, surgical or veterinary uses, not dental uses, excluding computed tomography apparatus",Medical X-ray apparatus,X-RAY GENERATORS AND APPARATUS (NON-PORTABLE),Medical Electronics,Final Goods,Electronics instruments,yes,yes,no,no,yes,yes,6.477094,0.001029,Included in DGCIS,
902219,"Apparatus based on the use of x-rays, including radiography or radiotherapy apparatus; for other than medical, surgical, dental or veterinary uses",Industrial X-ray apparatus,Apparatus for x rays,Other Electronics,Final Goods,Electronics instruments,yes,yes,no,no,yes,yes,3.478584,0.000455,Included in DGCIS,
902221,"Apparatus based on the use of alpha, beta or gamma radiations, including radiography or radiotherapy apparatus; for medical, surgical, dental or veterinary uses",Radiotherapy apparatus,Medical apparatus,Medical Electronics,Final Goods,Electronics instruments,yes,yes,no,no,yes,yes,0.238768,0.000054,Included in DGCIS,
902229,"Apparatus based on the use of alpha, beta, gamma or other ionising radiations, including radiography or radiotherapy apparatus; (for other than medical, surgical, dental or veterinary uses)",Industrial radiation apparatus,Apparatus for radiations non medical,Other Electronics,Final Goods,Electronics instruments,yes,yes,no,no,yes,yes,0.286527,0.000064,Included in DGCIS,
902230,X-ray tubes,X-ray tubes,X-ray tubes,Medical Electronics,Components,Electronics components,yes,yes,no,yes,yes,yes,2.402004,0.000204,Included in DGCIS,
902290,"Apparatus based on use of x-rays and similar; parts and accessories (x-ray generators, tubes, high tension generators, control panels and desks, screens, examination or treatment tables, chairs and like",X-ray generators and parts,"X ray generators, tubes etc.",Medical Electronics,Components,Electronics components,yes,yes,no,no,yes,yes,7.537662,0.001385,Included in DGCIS,
902519,"Thermometers and pyrometers; (other than liquid filled, for direct reading), not combined with other instruments",Thermometers and pyrometers,Thermometers and pyrometers,Medical Electronics,Final Goods,Electronics instruments,yes,yes,no,no,yes,yes,4.309528,0.000702,Included in DGCIS,
902710,"Instruments and apparatus; gas or smoke analysis apparatus, for physical or chemical analysis",Gas and smoke analysers,Physical or chemical analysis instruments,Other Electronics,Final Goods,Electronics instruments,yes,yes,no,no,yes,yes,7.476595,0.001606,Included in DGCIS,
902720,Chromatographs and electrophoresis instruments,Chromatography instruments,Chromatographs,Other Electronics,Final Goods,Electronics instruments,yes,yes,no,no,yes,yes,2.788478,0.000393,Included in DGCIS,
902730,"Spectrometers, spectrophotometers and spectrographs; using optical radiations (UV, visible, IR)",Optical spectrometers,Spectrometers,Other Electronics,Final Goods,Electronics instruments,yes,yes,no,no,yes,yes,4.918849,0.000859,Included in DGCIS,
902750,"Instruments and apparatus; using optical radiations (UV, visible, IR), (other than spectrometers, spectrophotometers and spectrographs)",Optical radiation instruments,Instruments for optical radiation,Other Electronics,Final Goods,Electronics instruments,yes,yes,no,no,yes,yes,11.404494,0.003157,Included in DGCIS,
903010,Instruments and apparatus; for measuring or detecting ionising radiations,Radiation detection instruments,Instruments for detecting radiations,Other Electronics,Final Goods,Electronics instruments,yes,yes,no,no,yes,yes,2.045715,0.000304,Included in DGCIS,
903020,Oscilloscopes and oscillographs,Oscilloscopes and oscillographs,Oscilloscopes and oscillographs,Other Electronics,Final Goods,Electronics instruments,yes,yes,no,no,yes,yes,1.04437,0.000013,Included in DGCIS,
903031,"Multimeters; for measuring or checking voltage, current, resistance or power (other than those for measuring or checking semiconductor wafer or devices), without a recording device","Multimeters, non-recording",Instruments for measuring voltage and resistance,Other Electronics,Final Goods,Electronics instruments,yes,yes,no,no,yes,yes,0.895598,0.000022,Included in DGCIS,
903032,"Multimeters; for measuring or checking voltage, current, resistance or power, with a recording device","Multimeters, recording",Instruments for measuring voltage and resistance,Other Electronics,Final Goods,Electronics instruments,yes,yes,no,no,yes,yes,0.596893,0.000134,Included in DGCIS,
903033,"Instruments and apparatus; for measuring or checking voltage, current, resistance or power, without a recording device (excluding multimeters)",Voltage and current meters,Instruments for measuring voltage and resistance,Other Electronics,Final Goods,Electronics instruments,yes,yes,no,no,yes,yes,2.818527,0.000333,Included in DGCIS,
903039,"Instruments and apparatus; for measuring or checking voltage, current, resistance or power, with a recording device (excluding multimeters)",Recording power analysers,Instruments for measuring voltage and resistance,Other Electronics,Final Goods,Electronics instruments,yes,yes,no,no,yes,yes,1.953096,0.000119,Included in DGCIS,
903040,"Instruments and apparatus; specially designed for telecommunications (e.g. cross-talk meters, gain measuring instruments, distortion factor meters, psophometers)",Telecom test instruments,Instruments for telecommunications,Other Electronics,Final Goods,Electronics instruments,yes,yes,no,no,yes,yes,4.163339,0.000756,Included in DGCIS,
903082,Instruments and apparatus; for measuring or checking semiconductor wafers or devices,Semiconductor test equipment,Instruments and apparatus: for measuring or checking semiconductor wafers or devices,Other Electronics,Final Goods,Electronics instruments,yes,yes,yes,no,yes,yes,6.530818,0.001365,Included in DGCIS,
903084,"Instruments and apparatus; n.e.c. in heading no. 9030, with a recording device",Recording test instruments,Instruments for telecommunications,Other Electronics,Final Goods,Electronics instruments,yes,yes,no,no,yes,yes,1.590327,0.000119,Included in DGCIS,
903089,"Instruments and apparatus; n.e.c. in heading no. 9030, without a recording device",Electrical test instruments,Electrical measurement instruments,Other Electronics,Final Goods,Electronics instruments,yes,yes,no,no,yes,yes,2.104044,0.000333,Included in DGCIS,
903090,"Instruments, apparatus for measuring, checking electrical quantities, not meters of heading no. 9028; parts and accessories, for measuring or detecting alpha, beta, gamma, x-ray, cosmic and other radiations",Test instrument parts,Electrical measurement instruments,Other Electronics,Final Goods,Electronics instruments,yes,yes,no,no,yes,yes,10.702417,0.002877,Included in DGCIS,
903210,"Regulating or controlling instruments and apparatus; automatic type, thermostats",Automatic thermostats,Thermostats,Consumer Durables,Final Goods,Electronics instruments,yes,yes,yes,no,yes,yes,4.554785,0.000701,Included in DGCIS,
903220,"Regulating or controlling instruments and apparatus; automatic, manostats",Pressure regulators,Regulating,Electrical Equipment,Final Goods,Electronics instruments,yes,yes,yes,no,yes,yes,0.963445,0.000025,Included in DGCIS,
903281,"Regulating or controlling instruments and apparatus; automatic, hydraulic or pneumatic",Hydraulic and pneumatic controllers,Regulating,Electrical Equipment,Components,Electronics instruments,yes,yes,yes,no,yes,yes,2.785854,0.000036,Included in DGCIS,
903289,"Regulating or controlling instruments and apparatus; automatic, other than hydraulic or pneumatic","Automatic controllers, other",Regulating or controlling instruments,Electrical Equipment,Final Goods,Electronics instruments,yes,yes,yes,yes,yes,yes,21.423022,0.00506,Included in DGCIS,
903290,"Regulating or controlling instruments and apparatus; automatic, parts and accessories",Control instrument parts,"Parts for automatic regulating, controling instruments",Electrical Equipment,Components,Electronics instruments,yes,yes,yes,no,yes,yes,5.848338,0.001159,Included in DGCIS,
910111,"Wrist-watches; electrically operated, with or without a stop-watch, with case of precious metal or of metal clad with precious metal, with mechanical display only",Precious-metal wristwatches,Expensive Watches,Consumer Durables,Final Goods,Not Included,yes,yes,no,no,no,yes,3.499268,0.00056,Included based on subjective judgement,
910191,"Pocket-watches and other watches, including stop-watches; (excluding wrist-watches), with case of precious metal or of metal clad with precious metal, electrically operated",Precious-metal pocket watches,Pocket Watches,Consumer Durables,Final Goods,Consumer electronics,yes,yes,yes,no,yes,yes,0.044911,0.00001,Included in DGCIS,
910211,"Wrist-watches; electrically operated, with or without a stop-watch, (other than those of heading no. 9101) with mechanical display only",Analogue wristwatches,Quartz cristal watches,Consumer Durables,Final Goods,Not Included,yes,yes,no,no,no,yes,8.314166,0.002071,Included based on subjective judgement,
910212,"Wrist-watches; electrically operated, with or without a stop-watch, (other than those of heading no. 9101) with opto-electronic display only",Digital and smart watches,Wrist watch,Consumer Durables,Final Goods,Consumer electronics,yes,no,no,no,yes,no,1.192357,0.000037,Included in DGCIS,
910291,"Pocket watches and other watches, including stop-watches; (excluding wrist-watches), other than those of heading no. 9101, electrically operated","Pocket watches, other",Watches,Consumer Durables,Final Goods,Consumer electronics,yes,yes,yes,no,yes,yes,0.064937,0.000015,Included in DGCIS,
910310,"Clocks; with watch movements, electrically operated, excluding clocks of heading no. 9104",Clocks with watch movements,Clocks,Consumer Durables,Final Goods,Consumer electronics,yes,yes,yes,no,yes,yes,0.028306,0.000006,Included in DGCIS,
910511,"Clocks; (excluding those with watch movements and instrument panel clocks), alarm clocks, electrically operated",Alarm clocks,Clocks,Consumer Durables,Final Goods,Consumer electronics,yes,yes,yes,no,yes,yes,0.372479,0.000084,Included in DGCIS,
910521,"Clocks; (excluding those with watch movements and instrument panel clocks), wall clocks, electrically operated",Wall clocks,Wall Clocks,Consumer Durables,Final Goods,Consumer electronics,yes,yes,yes,no,yes,yes,0.637938,0.000004,Included in DGCIS,
910591,"Clocks; (excluding those with watch movements and instrument panel clocks), (other than alarm or wall clocks), electrically operated",Desk and other clocks,Clocks,Consumer Durables,Final Goods,Consumer electronics,yes,yes,yes,no,yes,yes,0.174281,0.000039,Included in DGCIS,
910610,"Time recording apparatus; time-registers, time recorders, with clock, watch movement or synchronous motor",Attendance time recorders,Commercial - punchin punchout machines,Consumer Durables,Final Goods,Consumer electronics,yes,yes,yes,no,yes,yes,0.158924,0.000036,Included in DGCIS,
910690,"Time recording apparatus; with clock or watch movement or with synchronous motor, n.e.c. in heading no. 9106","Time recording apparatus, other",Commercial - punchin punchout machines,Consumer Durables,Final Goods,Consumer electronics,yes,yes,yes,no,yes,yes,0.234013,0.000053,Included in DGCIS,
910811,"Watch movements; complete and assembled, electrically operated, with mechanical display only or with a device to which a mechanical display can be incorporated","Watch movements, mechanical display",Parts of watches,Consumer Durables,Components,Consumer electronics,yes,yes,yes,no,yes,yes,0.540488,0.000122,Included in DGCIS,
910812,"Watch movements; complete and assembled, electrically operated, by means of solar cells, with opto-electronic display","Solar watch movements, digital",Watch movements,Consumer Durables,Components,Consumer electronics,yes,no,no,no,yes,no,0.010955,0.000002,Included in DGCIS,
910819,"Watch movements; complete and assembled, electrically operated, by means of solar cells, without mechanical display or device including such or opto-electronic display","Solar watch movements, other",Parts of watches,Consumer Durables,Components,Consumer electronics,yes,yes,yes,no,yes,yes,0.020481,0.000005,Included in DGCIS,
910910,"Clock movements; complete and assembled, electrically operated",Clock movements,Clock movements,Consumer Durables,Components,Consumer electronics,yes,no,no,no,yes,no,0.032623,0.000007,Included in DGCIS,
950450,"Games; video game consoles and machines, other than those of subheading 9504.30",Video game consoles,Video game consoles,Consumer Durables,Final Goods,Consumer electronics,yes,no,no,no,yes,no,30.192449,0.00649,Included in DGCIS,
961210,"Ribbons; for typewriters and the like, inked or otherwise prepared, for giving impressions, whether or not on spools or in cartridges",Printer and typewriter ribbons,Ribbons for typewriters,Computer Hardware,Components,Consumer electronics,yes,yes,yes,no,yes,yes,1.361843,0.000107,Included in DGCIS,
961380,"Lighters; whether or not mechanical or electrical, n.e.c. in heading no. 9613",Electric lighters,Electric Lighters,Consumer Durables,Final Goods,Consumer electronics,yes,yes,yes,no,yes,yes,0.459997,0.000103,Included in DGCIS,
